SRR17286185.Contig2.1	Eukaryota	superkingdom
SRR17286185.Contig2.1	Fungi	kingdom
SRR17286185.Contig2.1	Ascomycota	phylum
SRR17286185.Contig2.1	Pezizomycetes	class
SRR17286185.Contig2.1	Pezizales	order
SRR17286185.Contig2.1	Morchellaceae	family
SRR17286185.Contig2.1	Morchella	genus
SRR17286185.Contig2.1	Morchella sextelata	species
SRR5487664.Contig1.1	Eukaryota	superkingdom
SRR5487664.Contig1.1	Fungi	kingdom
SRR5487664.Contig1.1	Ascomycota	phylum
SRR5487664.Contig1.1	Pezizomycetes	class
SRR5487664.Contig1.1	Pezizales	order
SRR5487664.Contig1.1	Morchellaceae	family
SRR5487664.Contig1.1	Morchella	genus
SRR5487664.Contig1.1	Morchella importuna	species
SRR17286187.Contig2.1	Eukaryota	superkingdom
SRR17286187.Contig2.1	Fungi	kingdom
SRR17286187.Contig2.1	Ascomycota	phylum
SRR17286187.Contig2.1	Pezizomycetes	class
SRR17286187.Contig2.1	Pezizales	order
SRR17286187.Contig2.1	Morchellaceae	family
SRR17286187.Contig2.1	Morchella	genus
SRR17286187.Contig2.1	Morchella sextelata	species
ERR4315617.Contig1.1	Eukaryota	superkingdom
ERR4315617.Contig1.1	Fungi	kingdom
ERR4315617.Contig1.1	Basidiomycota	phylum
ERR4315617.Contig1.1	Pucciniomycetes	class
ERR4315617.Contig1.1	Pucciniales	order
ERR4315617.Contig1.1	Pucciniaceae	family
ERR4315617.Contig1.1	Puccinia	genus
ERR4315617.Contig1.1	Puccinia striiformis	species
ERR4315605.Contig1.1	Eukaryota	superkingdom
ERR4315605.Contig1.1	Fungi	kingdom
ERR4315605.Contig1.1	Basidiomycota	phylum
ERR4315605.Contig1.1	Pucciniomycetes	class
ERR4315605.Contig1.1	Pucciniales	order
ERR4315605.Contig1.1	Pucciniaceae	family
ERR4315605.Contig1.1	Puccinia	genus
ERR4315605.Contig1.1	Puccinia striiformis	species
SRR6869963.Contig4.1	Eukaryota	superkingdom
SRR6869963.Contig4.1	Fungi	kingdom
SRR6869963.Contig4.1	Ascomycota	phylum
SRR6869963.Contig4.1	Sordariomycetes	class
SRR6869963.Contig4.1	Magnaporthales	order
SRR6869963.Contig4.1	Magnaporthaceae	family
SRR6869963.Contig4.1	Magnaporthiopsis	genus
SRR6869963.Contig4.1	Magnaporthiopsis incrustans	species
SRR1695866.Contig2.1	Eukaryota	superkingdom
SRR1695866.Contig2.1	Fungi	kingdom
SRR1695866.Contig2.1	Ascomycota	phylum
SRR1695866.Contig2.1	Sordariomycetes	class
SRR1695866.Contig2.1	Magnaporthales	order
SRR1695866.Contig2.1	Magnaporthaceae	family
SRR1695866.Contig2.1	Magnaporthiopsis	genus
SRR1695866.Contig2.1	Magnaporthiopsis incrustans	species
SRR5279409.Contig1.1	Eukaryota	superkingdom
SRR5279409.Contig1.1	Fungi	kingdom
SRR5279409.Contig1.1	Mucoromycota	phylum
SRR5279409.Contig1.1	Glomeromycetes	class
SRR5279409.Contig1.1	Archaeosporales	order
SRR5279409.Contig1.1	Ambisporaceae	family
SRR5279409.Contig1.1	Ambispora	genus
SRR5279409.Contig1.1	Ambispora leptoticha	species
SRR21195572.Contig2.1	Eukaryota	superkingdom
SRR21195572.Contig2.1	Fungi	kingdom
SRR21195572.Contig2.1	Ascomycota	phylum
SRR21195572.Contig2.1	Sordariomycetes	class
SRR21195572.Contig2.1	Glomerellales	order
SRR21195572.Contig2.1	Glomerellaceae	family
SRR21195572.Contig2.1	Colletotrichum	genus
SRR21195572.Contig2.1	Colletotrichum siamense	species
ERR4315613.Contig3.1	Eukaryota	superkingdom
ERR4315613.Contig3.1	Fungi	kingdom
ERR4315613.Contig3.1	Basidiomycota	phylum
ERR4315613.Contig3.1	Pucciniomycetes	class
ERR4315613.Contig3.1	Pucciniales	order
ERR4315613.Contig3.1	Pucciniaceae	family
ERR4315613.Contig3.1	Puccinia	genus
ERR4315613.Contig3.1	Puccinia striiformis	species
ERR4315162.Contig1.1	Eukaryota	superkingdom
ERR4315162.Contig1.1	Fungi	kingdom
ERR4315162.Contig1.1	Basidiomycota	phylum
ERR4315162.Contig1.1	Pucciniomycetes	class
ERR4315162.Contig1.1	Pucciniales	order
ERR4315162.Contig1.1	Pucciniaceae	family
ERR4315162.Contig1.1	Puccinia	genus
ERR4315162.Contig1.1	Puccinia striiformis	species
SRR6407112.Contig12.1	Eukaryota	superkingdom
SRR6407112.Contig12.1	Fungi	kingdom
SRR6407112.Contig12.1	Basidiomycota	phylum
SRR6407112.Contig12.1	Agaricomycetes	class
SRR6407112.Contig12.1	Agaricales	order
SRR6407112.Contig12.1	Agaricaceae	family
SRR6407112.Contig12.1	Agaricus	genus
SRR6407112.Contig12.1	Agaricus subrufescens	species
SRR17286182.Contig4.1	Eukaryota	superkingdom
SRR17286182.Contig4.1	Fungi	kingdom
SRR17286182.Contig4.1	Ascomycota	phylum
SRR17286182.Contig4.1	Pezizomycetes	class
SRR17286182.Contig4.1	Pezizales	order
SRR17286182.Contig4.1	Morchellaceae	family
SRR17286182.Contig4.1	Morchella	genus
SRR17286182.Contig4.1	Morchella sextelata	species
SRR6257327.Contig1.1	Eukaryota	superkingdom
SRR6257327.Contig1.1	Fungi	kingdom
SRR6257327.Contig1.1	Basidiomycota	phylum
SRR6257327.Contig1.1	Agaricomycetes	class
SRR6257327.Contig1.1	Polyporales	order
SRR6257327.Contig1.1	Fomitopsidaceae	family
SRR6257327.Contig1.1	Neoantrodia	genus
SRR6257327.Contig1.1	Neoantrodia serialis	species
SRR16887728.Contig19.1	Eukaryota	superkingdom
SRR16887728.Contig19.1	Fungi	kingdom
SRR16887728.Contig19.1	Basidiomycota	phylum
SRR16887728.Contig19.1	Agaricomycetes	class
SRR16887728.Contig19.1	Boletales	order
SRR16887728.Contig19.1	Boletinellaceae	family
SRR16887728.Contig19.1	Phlebopus	genus
SRR16887728.Contig19.1	Phlebopus portentosus	species
SRR9929233.Contig13.1	Eukaryota	superkingdom
SRR9929233.Contig13.1	Fungi	kingdom
SRR9929233.Contig13.1	Basidiomycota	phylum
SRR9929233.Contig13.1	Agaricomycetes	class
SRR9929233.Contig13.1	Agaricales	order
SRR9929233.Contig13.1	Amanitaceae	family
SRR9929233.Contig13.1	Amanita	genus
SRR9929233.Contig13.1	Amanita exitialis	species
SRR7694626.Contig2.1	Eukaryota	superkingdom
SRR7694626.Contig2.1	Fungi	kingdom
SRR7694626.Contig2.1	Basidiomycota	phylum
SRR7694626.Contig2.1	Agaricomycetes	class
SRR7694626.Contig2.1	Agaricales	order
SRR7694626.Contig2.1	Amanitaceae	family
SRR7694626.Contig2.1	Amanita	genus
SRR7694626.Contig2.1	Amanita polypyramis	species
SRR11613699.Contig1.1	Eukaryota	superkingdom
SRR11613699.Contig1.1	Fungi	kingdom
SRR11613699.Contig1.1	Basidiomycota	phylum
SRR11613699.Contig1.1	Agaricomycetes	class
SRR11613699.Contig1.1	Agaricales	order
SRR11613699.Contig1.1	Agaricaceae	family
SRR11613699.Contig1.1	Agaricus	genus
SRR11613699.Contig1.1	Agaricus bisporus	species
SRR11613696.Contig1.1	Eukaryota	superkingdom
SRR11613696.Contig1.1	Fungi	kingdom
SRR11613696.Contig1.1	Basidiomycota	phylum
SRR11613696.Contig1.1	Agaricomycetes	class
SRR11613696.Contig1.1	Agaricales	order
SRR11613696.Contig1.1	Agaricaceae	family
SRR11613696.Contig1.1	Agaricus	genus
SRR11613696.Contig1.1	Agaricus bisporus	species
SRR4244920.Contig1.1	Eukaryota	superkingdom
SRR4244920.Contig1.1	Fungi	kingdom
SRR4244920.Contig1.1	Basidiomycota	phylum
SRR4244920.Contig1.1	Agaricomycetes	class
SRR4244920.Contig1.1	Cantharellales	order
SRR4244920.Contig1.1	Tulasnellaceae	family
SRR4244920.Contig1.1	Tulasnella	genus
SRR4244920.Contig1.1	Tulasnella calospora	species
SRR4244930.Contig1.1	Eukaryota	superkingdom
SRR4244930.Contig1.1	Fungi	kingdom
SRR4244930.Contig1.1	Basidiomycota	phylum
SRR4244930.Contig1.1	Agaricomycetes	class
SRR4244930.Contig1.1	Cantharellales	order
SRR4244930.Contig1.1	Tulasnellaceae	family
SRR4244930.Contig1.1	Tulasnella	genus
SRR4244930.Contig1.1	Tulasnella calospora	species
SRR6823452.Contig1.1	Eukaryota	superkingdom
SRR6823452.Contig1.1	Fungi	kingdom
SRR6823452.Contig1.1	Basidiomycota	phylum
SRR6823452.Contig1.1	Agaricomycetes	class
SRR6823452.Contig1.1	Agaricales	order
SRR6823452.Contig1.1	Amanitaceae	family
SRR6823452.Contig1.1	Amanita	genus
SRR6823452.Contig1.1	Amanita pantherina	species
SRR6823449.Contig8.1	Eukaryota	superkingdom
SRR6823449.Contig8.1	Fungi	kingdom
SRR6823449.Contig8.1	Basidiomycota	phylum
SRR6823449.Contig8.1	Agaricomycetes	class
SRR6823449.Contig8.1	Agaricales	order
SRR6823449.Contig8.1	Amanitaceae	family
SRR6823449.Contig8.1	Amanita	genus
SRR6823449.Contig8.1	Amanita pantherina	species
SRR16887726.Contig45.1	Eukaryota	superkingdom
SRR16887726.Contig45.1	Fungi	kingdom
SRR16887726.Contig45.1	Basidiomycota	phylum
SRR16887726.Contig45.1	Agaricomycetes	class
SRR16887726.Contig45.1	Boletales	order
SRR16887726.Contig45.1	Boletinellaceae	family
SRR16887726.Contig45.1	Phlebopus	genus
SRR16887726.Contig45.1	Phlebopus portentosus	species
SRR16887727.Contig8.1	Eukaryota	superkingdom
SRR16887727.Contig8.1	Fungi	kingdom
SRR16887727.Contig8.1	Basidiomycota	phylum
SRR16887727.Contig8.1	Agaricomycetes	class
SRR16887727.Contig8.1	Boletales	order
SRR16887727.Contig8.1	Boletinellaceae	family
SRR16887727.Contig8.1	Phlebopus	genus
SRR16887727.Contig8.1	Phlebopus portentosus	species
ERR3047568.Contig1.1	Eukaryota	superkingdom
ERR3047568.Contig1.1	Fungi	kingdom
ERR3047568.Contig1.1	Chytridiomycota	phylum
ERR3047568.Contig1.1	Chytridiomycetes	class
ERR3047568.Contig1.1	Synchytriales	order
ERR3047568.Contig1.1	Synchytriaceae	family
ERR3047568.Contig1.1	Synchytrium	genus
ERR3047568.Contig1.1	Synchytrium endobioticum	species
SRR089758.Contig1.1	Eukaryota	superkingdom
SRR089758.Contig1.1	Fungi	kingdom
SRR089758.Contig1.1	Basidiomycota	phylum
SRR089758.Contig1.1	Agaricomycetes	class
SRR089758.Contig1.1	Agaricales	order
SRR089758.Contig1.1	Amanitaceae	family
SRR089758.Contig1.1	Amanita	genus
SRR089758.Contig1.1	Amanita thiersii	species
SRR11445747.Contig1.1	Eukaryota	superkingdom
SRR11445747.Contig1.1	Fungi	kingdom
SRR11445747.Contig1.1	Basidiomycota	phylum
SRR11445747.Contig1.1	Agaricomycetes	class
SRR11445747.Contig1.1	Agaricales	order
SRR11445747.Contig1.1	Squamanitaceae	family
SRR11445747.Contig1.1	Floccularia	genus
SRR11445747.Contig1.1	Floccularia luteovirens	species
SRR11445744.Contig23.1	Eukaryota	superkingdom
SRR11445744.Contig23.1	Fungi	kingdom
SRR11445744.Contig23.1	Basidiomycota	phylum
SRR11445744.Contig23.1	Agaricomycetes	class
SRR11445744.Contig23.1	Agaricales	order
SRR11445744.Contig23.1	Squamanitaceae	family
SRR11445744.Contig23.1	Floccularia	genus
SRR11445744.Contig23.1	Floccularia luteovirens	species
SRR11445744.Contig16.1	Eukaryota	superkingdom
SRR11445744.Contig16.1	Fungi	kingdom
SRR11445744.Contig16.1	Basidiomycota	phylum
SRR11445744.Contig16.1	Agaricomycetes	class
SRR11445744.Contig16.1	Agaricales	order
SRR11445744.Contig16.1	Squamanitaceae	family
SRR11445744.Contig16.1	Floccularia	genus
SRR11445744.Contig16.1	Floccularia luteovirens	species
SRR8640669.Contig5.1	Eukaryota	superkingdom
SRR8640669.Contig5.1	Fungi	kingdom
SRR8640669.Contig5.1	Basidiomycota	phylum
SRR8640669.Contig5.1	Agaricomycetes	class
SRR8640669.Contig5.1	Cantharellales	order
SRR8640669.Contig5.1	Ceratobasidiaceae	family
SRR8640669.Contig5.1	Rhizoctonia	genus
SRR8640669.Contig5.1	Rhizoctonia solani	species
SRR6823453.Contig10.1	Eukaryota	superkingdom
SRR6823453.Contig10.1	Fungi	kingdom
SRR6823453.Contig10.1	Basidiomycota	phylum
SRR6823453.Contig10.1	Agaricomycetes	class
SRR6823453.Contig10.1	Agaricales	order
SRR6823453.Contig10.1	Amanitaceae	family
SRR6823453.Contig10.1	Amanita	genus
SRR6823453.Contig10.1	Amanita pantherina	species
SRR6823452.Contig2.1	Eukaryota	superkingdom
SRR6823452.Contig2.1	Fungi	kingdom
SRR6823452.Contig2.1	Basidiomycota	phylum
SRR6823452.Contig2.1	Agaricomycetes	class
SRR6823452.Contig2.1	Agaricales	order
SRR6823452.Contig2.1	Amanitaceae	family
SRR6823452.Contig2.1	Amanita	genus
SRR6823452.Contig2.1	Amanita pantherina	species
SRR6823445.Contig4.1	Eukaryota	superkingdom
SRR6823445.Contig4.1	Fungi	kingdom
SRR6823445.Contig4.1	Basidiomycota	phylum
SRR6823445.Contig4.1	Agaricomycetes	class
SRR6823445.Contig4.1	Agaricales	order
SRR6823445.Contig4.1	Amanitaceae	family
SRR6823445.Contig4.1	Amanita	genus
SRR6823445.Contig4.1	Amanita pantherina	species
SRR6823447.Contig4.1	Eukaryota	superkingdom
SRR6823447.Contig4.1	Fungi	kingdom
SRR6823447.Contig4.1	Basidiomycota	phylum
SRR6823447.Contig4.1	Agaricomycetes	class
SRR6823447.Contig4.1	Agaricales	order
SRR6823447.Contig4.1	Amanitaceae	family
SRR6823447.Contig4.1	Amanita	genus
SRR6823447.Contig4.1	Amanita pantherina	species
SRR6823451.Contig5.1	Eukaryota	superkingdom
SRR6823451.Contig5.1	Fungi	kingdom
SRR6823451.Contig5.1	Basidiomycota	phylum
SRR6823451.Contig5.1	Agaricomycetes	class
SRR6823451.Contig5.1	Agaricales	order
SRR6823451.Contig5.1	Amanitaceae	family
SRR6823451.Contig5.1	Amanita	genus
SRR6823451.Contig5.1	Amanita pantherina	species
SRR16633912.Contig1.1	Eukaryota	superkingdom
SRR16633912.Contig1.1	Fungi	kingdom
SRR16633912.Contig1.1	Basidiomycota	phylum
SRR16633912.Contig1.1	Tremellomycetes	class
SRR16633912.Contig1.1	Tremellales	order
SRR16633912.Contig1.1	Naemateliaceae	family
SRR16633912.Contig1.1	Naematelia	genus
SRR16633912.Contig1.1	Naematelia aurantialba	species
SRR16633911.Contig5.1	Eukaryota	superkingdom
SRR16633911.Contig5.1	Fungi	kingdom
SRR16633911.Contig5.1	Basidiomycota	phylum
SRR16633911.Contig5.1	Tremellomycetes	class
SRR16633911.Contig5.1	Tremellales	order
SRR16633911.Contig5.1	Naemateliaceae	family
SRR16633911.Contig5.1	Naematelia	genus
SRR16633911.Contig5.1	Naematelia aurantialba	species
SRR19352692.Contig5.1	Eukaryota	superkingdom
SRR19352692.Contig5.1	Fungi	kingdom
SRR19352692.Contig5.1	Basidiomycota	phylum
SRR19352692.Contig5.1	Agaricomycetes	class
SRR19352692.Contig5.1	Agaricales	order
SRR19352692.Contig5.1	Strophariaceae	family
SRR19352692.Contig5.1	Stropharia	genus
SRR19352692.Contig5.1	Stropharia rugosoannulata	species
SRR6869960.Contig1.1	Eukaryota	superkingdom
SRR6869960.Contig1.1	Fungi	kingdom
SRR6869960.Contig1.1	Basidiomycota	phylum
SRR6869960.Contig1.1	Agaricomycetes	class
SRR6869960.Contig1.1	Cantharellales	order
SRR6869960.Contig1.1	Tulasnellaceae	family
SRR6869960.Contig1.1	Tulasnella	genus
SRR6869960.Contig1.1	Tulasnella sp. Tc 2018	species
SRR8695864.Contig2.1	Eukaryota	superkingdom
SRR8695864.Contig2.1	Fungi	kingdom
SRR8695864.Contig2.1	Basidiomycota	phylum
SRR8695864.Contig2.1	Agaricomycetes	class
SRR8695864.Contig2.1	Agaricales	order
SRR8695864.Contig2.1	Marasmiaceae	family
SRR8695864.Contig2.1	Marasmius	genus
SRR8695864.Contig2.1	Marasmius oreades	species
SRR1609854.Contig6.1	Eukaryota	superkingdom
SRR1609854.Contig6.1	Fungi	kingdom
SRR1609854.Contig6.1	Basidiomycota	phylum
SRR1609854.Contig6.1	Agaricomycetes	class
SRR1609854.Contig6.1	Boletales	order
SRR1609854.Contig6.1	Pisolithaceae	family
SRR1609854.Contig6.1	Pisolithus	genus
SRR1609854.Contig6.1	Pisolithus microcarpus	species
SRR9943552.Contig2.1	Eukaryota	superkingdom
SRR9943552.Contig2.1	Fungi	kingdom
SRR9943552.Contig2.1	Basidiomycota	phylum
SRR9943552.Contig2.1	Agaricomycetes	class
SRR9943552.Contig2.1	Agaricales	order
SRR9943552.Contig2.1	Agaricaceae	family
SRR9943552.Contig2.1	Lepiota	genus
SRR9943552.Contig2.1	Lepiota venenata	species
SRR9312745.Contig5.1	Eukaryota	superkingdom
SRR9312745.Contig5.1	Fungi	kingdom
SRR9312745.Contig5.1	Basidiomycota	phylum
SRR9312745.Contig5.1	Agaricomycetes	class
SRR9312745.Contig5.1	Polyporales	order
SRR9312745.Contig5.1	Polyporaceae	family
SRR9312745.Contig5.1	Trametes	genus
SRR9312745.Contig5.1	Trametes gibbosa	species
SRR19257109.Contig1.1	Eukaryota	superkingdom
SRR19257109.Contig1.1	Fungi	kingdom
SRR19257109.Contig1.1	Basidiomycota	phylum
SRR19257109.Contig1.1	Agaricomycetes	class
SRR19257109.Contig1.1	Polyporales	order
SRR19257109.Contig1.1	Polyporaceae	family
SRR19257109.Contig1.1	Ganoderma	genus
SRR19257109.Contig1.1	Ganoderma applanatum	species
SRR18594313.Contig3.1	Eukaryota	superkingdom
SRR18594313.Contig3.1	Fungi	kingdom
SRR18594313.Contig3.1	Basidiomycota	phylum
SRR18594313.Contig3.1	Agaricomycetes	class
SRR18594313.Contig3.1	Polyporales	order
SRR18594313.Contig3.1	Polyporaceae	family
SRR18594313.Contig3.1	Ganoderma	genus
SRR18594313.Contig3.1	Ganoderma lucidum	species
SRR12605071.Contig3.1	Eukaryota	superkingdom
SRR12605071.Contig3.1	Fungi	kingdom
SRR12605071.Contig3.1	Basidiomycota	phylum
SRR12605071.Contig3.1	Agaricomycetes	class
SRR12605071.Contig3.1	Agaricales	order
SRR12605071.Contig3.1	Omphalotaceae	family
SRR12605071.Contig3.1	Lentinula	genus
SRR12605071.Contig3.1	Lentinula edodes	species
SRR10244659.Contig1.1	Eukaryota	superkingdom
SRR10244659.Contig1.1	Fungi	kingdom
SRR10244659.Contig1.1	Basidiomycota	phylum
SRR10244659.Contig1.1	Agaricomycetes	class
SRR10244659.Contig1.1	Agaricales	order
SRR10244659.Contig1.1	Omphalotaceae	family
SRR10244659.Contig1.1	Lentinula	genus
SRR10244659.Contig1.1	Lentinula raphanica	species
SRR17034676.Contig2.1	Eukaryota	superkingdom
SRR17034676.Contig2.1	Fungi	kingdom
SRR17034676.Contig2.1	Basidiomycota	phylum
SRR17034676.Contig2.1	Agaricomycetes	class
SRR17034676.Contig2.1	Agaricales	order
SRR17034676.Contig2.1	Agaricaceae	family
SRR17034676.Contig2.1	Agaricus	genus
SRR17034676.Contig2.1	Agaricus blazei	species
SRR6407112.Contig15.1	Eukaryota	superkingdom
SRR6407112.Contig15.1	Fungi	kingdom
SRR6407112.Contig15.1	Basidiomycota	phylum
SRR6407112.Contig15.1	Agaricomycetes	class
SRR6407112.Contig15.1	Agaricales	order
SRR6407112.Contig15.1	Agaricaceae	family
SRR6407112.Contig15.1	Agaricus	genus
SRR6407112.Contig15.1	Agaricus subrufescens	species
SRR1609849.Contig12.1	Eukaryota	superkingdom
SRR1609849.Contig12.1	Fungi	kingdom
SRR1609849.Contig12.1	Basidiomycota	phylum
SRR1609849.Contig12.1	Agaricomycetes	class
SRR1609849.Contig12.1	Boletales	order
SRR1609849.Contig12.1	Pisolithaceae	family
SRR1609849.Contig12.1	Pisolithus	genus
SRR1609849.Contig12.1	Pisolithus microcarpus	species
SRR8954387.Contig1.1_2	Eukaryota	superkingdom
SRR8954387.Contig1.1_2	Fungi	kingdom
SRR8954387.Contig1.1_2	Basidiomycota	phylum
SRR8954387.Contig1.1_2	Agaricomycetes	class
SRR8954387.Contig1.1_2	Cantharellales	order
SRR8954387.Contig1.1_2	Ceratobasidiaceae	family
SRR8954387.Contig1.1_2	Rhizoctonia	genus
SRR8954387.Contig1.1_2	Rhizoctonia solani	species
SRR5493403.Contig9.1	Eukaryota	superkingdom
SRR5493403.Contig9.1	Fungi	kingdom
SRR5493403.Contig9.1	Basidiomycota	phylum
SRR5493403.Contig9.1	Agaricomycetes	class
SRR5493403.Contig9.1	Boletales	order
SRR5493403.Contig9.1	Suillaceae	family
SRR5493403.Contig9.1	Suillus	genus
SRR5493403.Contig9.1	Suillus spraguei	species
SRR12351469.Contig5.1	Eukaryota	superkingdom
SRR12351469.Contig5.1	Fungi	kingdom
SRR12351469.Contig5.1	Basidiomycota	phylum
SRR12351469.Contig5.1	Agaricomycetes	class
SRR12351469.Contig5.1	Boletales	order
SRR12351469.Contig5.1	Pisolithaceae	family
SRR12351469.Contig5.1	Pisolithus	genus
SRR12351469.Contig5.1	Pisolithus microcarpus	species
SRR12351470.Contig5.1	Eukaryota	superkingdom
SRR12351470.Contig5.1	Fungi	kingdom
SRR12351470.Contig5.1	Basidiomycota	phylum
SRR12351470.Contig5.1	Agaricomycetes	class
SRR12351470.Contig5.1	Boletales	order
SRR12351470.Contig5.1	Pisolithaceae	family
SRR12351470.Contig5.1	Pisolithus	genus
SRR12351470.Contig5.1	Pisolithus microcarpus	species
SRR16887727.Contig24.1	Eukaryota	superkingdom
SRR16887727.Contig24.1	Fungi	kingdom
SRR16887727.Contig24.1	Basidiomycota	phylum
SRR16887727.Contig24.1	Agaricomycetes	class
SRR16887727.Contig24.1	Boletales	order
SRR16887727.Contig24.1	Boletinellaceae	family
SRR16887727.Contig24.1	Phlebopus	genus
SRR16887727.Contig24.1	Phlebopus portentosus	species
SRR16887728.Contig51.1	Eukaryota	superkingdom
SRR16887728.Contig51.1	Fungi	kingdom
SRR16887728.Contig51.1	Basidiomycota	phylum
SRR16887728.Contig51.1	Agaricomycetes	class
SRR16887728.Contig51.1	Boletales	order
SRR16887728.Contig51.1	Boletinellaceae	family
SRR16887728.Contig51.1	Phlebopus	genus
SRR16887728.Contig51.1	Phlebopus portentosus	species
SRR16887726.Contig17.1	Eukaryota	superkingdom
SRR16887726.Contig17.1	Fungi	kingdom
SRR16887726.Contig17.1	Basidiomycota	phylum
SRR16887726.Contig17.1	Agaricomycetes	class
SRR16887726.Contig17.1	Boletales	order
SRR16887726.Contig17.1	Boletinellaceae	family
SRR16887726.Contig17.1	Phlebopus	genus
SRR16887726.Contig17.1	Phlebopus portentosus	species
SRR16887728.Contig58.1	Eukaryota	superkingdom
SRR16887728.Contig58.1	Fungi	kingdom
SRR16887728.Contig58.1	Basidiomycota	phylum
SRR16887728.Contig58.1	Agaricomycetes	class
SRR16887728.Contig58.1	Boletales	order
SRR16887728.Contig58.1	Boletinellaceae	family
SRR16887728.Contig58.1	Phlebopus	genus
SRR16887728.Contig58.1	Phlebopus portentosus	species
SRR16887726.Contig33.1	Eukaryota	superkingdom
SRR16887726.Contig33.1	Fungi	kingdom
SRR16887726.Contig33.1	Basidiomycota	phylum
SRR16887726.Contig33.1	Agaricomycetes	class
SRR16887726.Contig33.1	Boletales	order
SRR16887726.Contig33.1	Boletinellaceae	family
SRR16887726.Contig33.1	Phlebopus	genus
SRR16887726.Contig33.1	Phlebopus portentosus	species
SRR16887727.Contig22.1	Eukaryota	superkingdom
SRR16887727.Contig22.1	Fungi	kingdom
SRR16887727.Contig22.1	Basidiomycota	phylum
SRR16887727.Contig22.1	Agaricomycetes	class
SRR16887727.Contig22.1	Boletales	order
SRR16887727.Contig22.1	Boletinellaceae	family
SRR16887727.Contig22.1	Phlebopus	genus
SRR16887727.Contig22.1	Phlebopus portentosus	species
SRR16887728.Contig30.1	Eukaryota	superkingdom
SRR16887728.Contig30.1	Fungi	kingdom
SRR16887728.Contig30.1	Basidiomycota	phylum
SRR16887728.Contig30.1	Agaricomycetes	class
SRR16887728.Contig30.1	Boletales	order
SRR16887728.Contig30.1	Boletinellaceae	family
SRR16887728.Contig30.1	Phlebopus	genus
SRR16887728.Contig30.1	Phlebopus portentosus	species
SRR16887727.Contig23.1	Eukaryota	superkingdom
SRR16887727.Contig23.1	Fungi	kingdom
SRR16887727.Contig23.1	Basidiomycota	phylum
SRR16887727.Contig23.1	Agaricomycetes	class
SRR16887727.Contig23.1	Boletales	order
SRR16887727.Contig23.1	Boletinellaceae	family
SRR16887727.Contig23.1	Phlebopus	genus
SRR16887727.Contig23.1	Phlebopus portentosus	species
SRR16887728.Contig65.1	Eukaryota	superkingdom
SRR16887728.Contig65.1	Fungi	kingdom
SRR16887728.Contig65.1	Basidiomycota	phylum
SRR16887728.Contig65.1	Agaricomycetes	class
SRR16887728.Contig65.1	Boletales	order
SRR16887728.Contig65.1	Boletinellaceae	family
SRR16887728.Contig65.1	Phlebopus	genus
SRR16887728.Contig65.1	Phlebopus portentosus	species
SRR16887727.Contig75.1	Eukaryota	superkingdom
SRR16887727.Contig75.1	Fungi	kingdom
SRR16887727.Contig75.1	Basidiomycota	phylum
SRR16887727.Contig75.1	Agaricomycetes	class
SRR16887727.Contig75.1	Boletales	order
SRR16887727.Contig75.1	Boletinellaceae	family
SRR16887727.Contig75.1	Phlebopus	genus
SRR16887727.Contig75.1	Phlebopus portentosus	species
SRR16887727.Contig20.1	Eukaryota	superkingdom
SRR16887727.Contig20.1	Fungi	kingdom
SRR16887727.Contig20.1	Basidiomycota	phylum
SRR16887727.Contig20.1	Agaricomycetes	class
SRR16887727.Contig20.1	Boletales	order
SRR16887727.Contig20.1	Boletinellaceae	family
SRR16887727.Contig20.1	Phlebopus	genus
SRR16887727.Contig20.1	Phlebopus portentosus	species
SRR11617839.Contig6.1_2	Eukaryota	superkingdom
SRR11617839.Contig6.1_2	Fungi	kingdom
SRR11617839.Contig6.1_2	Basidiomycota	phylum
SRR11617839.Contig6.1_2	Agaricomycetes	class
SRR11617839.Contig6.1_2	Polyporales	order
SRR11617839.Contig6.1_2	Polyporaceae	family
SRR11617839.Contig6.1_2	Trametes	genus
SRR11617839.Contig6.1_2	Trametes gibbosa	species
SRR11617839.Contig6.1	Eukaryota	superkingdom
SRR11617839.Contig6.1	Fungi	kingdom
SRR11617839.Contig6.1	Basidiomycota	phylum
SRR11617839.Contig6.1	Agaricomycetes	class
SRR11617839.Contig6.1	Polyporales	order
SRR11617839.Contig6.1	Polyporaceae	family
SRR11617839.Contig6.1	Trametes	genus
SRR11617839.Contig6.1	Trametes gibbosa	species
SRR15001042.Contig1.1	Eukaryota	superkingdom
SRR15001042.Contig1.1	Fungi	kingdom
SRR15001042.Contig1.1	Basidiomycota	phylum
SRR15001042.Contig1.1	Agaricomycetes	class
SRR15001042.Contig1.1	Polyporales	order
SRR15001042.Contig1.1	Polyporaceae	family
SRR15001042.Contig1.1	Trametes	genus
SRR15001042.Contig1.1	Trametes gibbosa	species
SRR19345763.Contig5.1	Eukaryota	superkingdom
SRR19345763.Contig5.1	Fungi	kingdom
SRR19345763.Contig5.1	Basidiomycota	phylum
SRR19345763.Contig5.1	Agaricomycetes	class
SRR19345763.Contig5.1	Russulales	order
SRR19345763.Contig5.1	Russulaceae	family
SRR19345763.Contig5.1	Lactarius	genus
SRR19345763.Contig5.1	Lactarius hatsudake	species
SRR13855513.Contig2.1	Eukaryota	superkingdom
SRR13855513.Contig2.1	Fungi	kingdom
SRR13855513.Contig2.1	Basidiomycota	phylum
SRR13855513.Contig2.1	Agaricomycetes	class
SRR13855513.Contig2.1	Russulales	order
SRR13855513.Contig2.1	Russulaceae	family
SRR13855513.Contig2.1	Lactarius	genus
SRR13855513.Contig2.1	Lactarius sanguifluus	species
SRR13855516.Contig1.1	Eukaryota	superkingdom
SRR13855516.Contig1.1	Fungi	kingdom
SRR13855516.Contig1.1	Basidiomycota	phylum
SRR13855516.Contig1.1	Agaricomycetes	class
SRR13855516.Contig1.1	Russulales	order
SRR13855516.Contig1.1	Russulaceae	family
SRR13855516.Contig1.1	Lactarius	genus
SRR13855516.Contig1.1	Lactarius sanguifluus	species
SRR089758.Contig4.1	Eukaryota	superkingdom
SRR089758.Contig4.1	Fungi	kingdom
SRR089758.Contig4.1	Basidiomycota	phylum
SRR089758.Contig4.1	Agaricomycetes	class
SRR089758.Contig4.1	Agaricales	order
SRR089758.Contig4.1	Amanitaceae	family
SRR089758.Contig4.1	Amanita	genus
SRR089758.Contig4.1	Amanita thiersii	species
SRR8246575.Contig10.1	Eukaryota	superkingdom
SRR8246575.Contig10.1	Fungi	kingdom
SRR8246575.Contig10.1	Basidiomycota	phylum
SRR8246575.Contig10.1	Agaricomycetes	class
SRR8246575.Contig10.1	Boletales	order
SRR8246575.Contig10.1	Suillaceae	family
SRR8246575.Contig10.1	Suillus	genus
SRR8246575.Contig10.1	Suillus tomentosus	species
SRR1587670.Contig1.1	Eukaryota	superkingdom
SRR1587670.Contig1.1	Fungi	kingdom
SRR1587670.Contig1.1	Basidiomycota	phylum
SRR1587670.Contig1.1	Agaricomycetes	class
SRR1587670.Contig1.1	Boletales	order
SRR1587670.Contig1.1	Rhizopogonaceae	family
SRR1587670.Contig1.1	Rhizopogon	genus
SRR1587670.Contig1.1	Rhizopogon vinicolor	species
SRR17654877.Contig1.1	Eukaryota	superkingdom
SRR17654877.Contig1.1	Fungi	kingdom
SRR17654877.Contig1.1	Basidiomycota	phylum
SRR17654877.Contig1.1	Agaricomycetes	class
SRR17654877.Contig1.1	Polyporales	order
SRR17654877.Contig1.1	Postiaceae	family
SRR17654877.Contig1.1	Postia	genus
SRR17654877.Contig1.1	Postia placenta	species
SRR7791370.Contig1.1	Eukaryota	superkingdom
SRR7791370.Contig1.1	Fungi	kingdom
SRR7791370.Contig1.1	Basidiomycota	phylum
SRR7791370.Contig1.1	Agaricomycetes	class
SRR7791370.Contig1.1	Russulales	order
SRR7791370.Contig1.1	Hericiaceae	family
SRR7791370.Contig1.1	Hericium	genus
SRR7791370.Contig1.1	Hericium erinaceus	species
SRR7791366.Contig1.1	Eukaryota	superkingdom
SRR7791366.Contig1.1	Fungi	kingdom
SRR7791366.Contig1.1	Basidiomycota	phylum
SRR7791366.Contig1.1	Agaricomycetes	class
SRR7791366.Contig1.1	Russulales	order
SRR7791366.Contig1.1	Hericiaceae	family
SRR7791366.Contig1.1	Hericium	genus
SRR7791366.Contig1.1	Hericium erinaceus	species
SRR13498927.Contig2.1	Eukaryota	superkingdom
SRR13498927.Contig2.1	Fungi	kingdom
SRR13498927.Contig2.1	Basidiomycota	phylum
SRR13498927.Contig2.1	Agaricomycetes	class
SRR13498927.Contig2.1	Russulales	order
SRR13498927.Contig2.1	Hericiaceae	family
SRR13498927.Contig2.1	Hericium	genus
SRR13498927.Contig2.1	Hericium erinaceus	species
SRR13787230.Contig3.1	Eukaryota	superkingdom
SRR13787230.Contig3.1	Fungi	kingdom
SRR13787230.Contig3.1	Basidiomycota	phylum
SRR13787230.Contig3.1	Agaricomycetes	class
SRR13787230.Contig3.1	Polyporales	order
SRR13787230.Contig3.1	Polyporaceae	family
SRR13787230.Contig3.1	Ganoderma	genus
SRR13787230.Contig3.1	Ganoderma lucidum	species
SRR6823447.Contig2.1	Eukaryota	superkingdom
SRR6823447.Contig2.1	Fungi	kingdom
SRR6823447.Contig2.1	Basidiomycota	phylum
SRR6823447.Contig2.1	Agaricomycetes	class
SRR6823447.Contig2.1	Agaricales	order
SRR6823447.Contig2.1	Amanitaceae	family
SRR6823447.Contig2.1	Amanita	genus
SRR6823447.Contig2.1	Amanita pantherina	species
SRR6823446.Contig6.1	Eukaryota	superkingdom
SRR6823446.Contig6.1	Fungi	kingdom
SRR6823446.Contig6.1	Basidiomycota	phylum
SRR6823446.Contig6.1	Agaricomycetes	class
SRR6823446.Contig6.1	Agaricales	order
SRR6823446.Contig6.1	Amanitaceae	family
SRR6823446.Contig6.1	Amanita	genus
SRR6823446.Contig6.1	Amanita pantherina	species
SRR10854679.Contig2.1	Eukaryota	superkingdom
SRR10854679.Contig2.1	Fungi	kingdom
SRR10854679.Contig2.1	Basidiomycota	phylum
SRR10854679.Contig2.1	Agaricomycetes	class
SRR10854679.Contig2.1	Russulales	order
SRR10854679.Contig2.1	Russulaceae	family
SRR10854679.Contig2.1	Lactarius	genus
SRR10854679.Contig2.1	Lactarius quietus	species
SRR10854680.Contig1.1	Eukaryota	superkingdom
SRR10854680.Contig1.1	Fungi	kingdom
SRR10854680.Contig1.1	Basidiomycota	phylum
SRR10854680.Contig1.1	Agaricomycetes	class
SRR10854680.Contig1.1	Russulales	order
SRR10854680.Contig1.1	Russulaceae	family
SRR10854680.Contig1.1	Lactarius	genus
SRR10854680.Contig1.1	Lactarius quietus	species
SRR10854678.Contig1.1	Eukaryota	superkingdom
SRR10854678.Contig1.1	Fungi	kingdom
SRR10854678.Contig1.1	Basidiomycota	phylum
SRR10854678.Contig1.1	Agaricomycetes	class
SRR10854678.Contig1.1	Russulales	order
SRR10854678.Contig1.1	Russulaceae	family
SRR10854678.Contig1.1	Lactarius	genus
SRR10854678.Contig1.1	Lactarius quietus	species
SRR11871367.Contig1.1	Eukaryota	superkingdom
SRR11871367.Contig1.1	Fungi	kingdom
SRR11871367.Contig1.1	Basidiomycota	phylum
SRR11871367.Contig1.1	Agaricomycetes	class
SRR11871367.Contig1.1	Agaricales	order
SRR11871367.Contig1.1	Agaricaceae	family
SRR11871367.Contig1.1	Agaricus	genus
SRR11871367.Contig1.1	Agaricus subrufescens	species
SRR14328380.Contig2.1	Eukaryota	superkingdom
SRR14328380.Contig2.1	Fungi	kingdom
SRR14328380.Contig2.1	Basidiomycota	phylum
SRR14328380.Contig2.1	Agaricomycetes	class
SRR14328380.Contig2.1	Agaricales	order
SRR14328380.Contig2.1	Pleurotaceae	family
SRR14328380.Contig2.1	Pleurotus	genus
SRR14328380.Contig2.1	Pleurotus cornucopiae	species
SRR9964793.Contig1.1	Eukaryota	superkingdom
SRR9964793.Contig1.1	Fungi	kingdom
SRR9964793.Contig1.1	Basidiomycota	phylum
SRR9964793.Contig1.1	Agaricomycetes	class
SRR9964793.Contig1.1	Auriculariales	order
SRR9964793.Contig1.1	Auriculariaceae	family
SRR9964793.Contig1.1	Auricularia	genus
SRR9964793.Contig1.1	Auricularia polytricha	species
SRR9964789.Contig1.1	Eukaryota	superkingdom
SRR9964789.Contig1.1	Fungi	kingdom
SRR9964789.Contig1.1	Basidiomycota	phylum
SRR9964789.Contig1.1	Agaricomycetes	class
SRR9964789.Contig1.1	Auriculariales	order
SRR9964789.Contig1.1	Auriculariaceae	family
SRR9964789.Contig1.1	Auricularia	genus
SRR9964789.Contig1.1	Auricularia polytricha	species
SRR9964794.Contig2.1	Eukaryota	superkingdom
SRR9964794.Contig2.1	Fungi	kingdom
SRR9964794.Contig2.1	Basidiomycota	phylum
SRR9964794.Contig2.1	Agaricomycetes	class
SRR9964794.Contig2.1	Auriculariales	order
SRR9964794.Contig2.1	Auriculariaceae	family
SRR9964794.Contig2.1	Auricularia	genus
SRR9964794.Contig2.1	Auricularia polytricha	species
SRR6823444.Contig4.1	Eukaryota	superkingdom
SRR6823444.Contig4.1	Fungi	kingdom
SRR6823444.Contig4.1	Basidiomycota	phylum
SRR6823444.Contig4.1	Agaricomycetes	class
SRR6823444.Contig4.1	Agaricales	order
SRR6823444.Contig4.1	Amanitaceae	family
SRR6823444.Contig4.1	Amanita	genus
SRR6823444.Contig4.1	Amanita pantherina	species
SRR6823447.Contig9.1	Eukaryota	superkingdom
SRR6823447.Contig9.1	Fungi	kingdom
SRR6823447.Contig9.1	Basidiomycota	phylum
SRR6823447.Contig9.1	Agaricomycetes	class
SRR6823447.Contig9.1	Agaricales	order
SRR6823447.Contig9.1	Amanitaceae	family
SRR6823447.Contig9.1	Amanita	genus
SRR6823447.Contig9.1	Amanita pantherina	species
SRR6823452.Contig4.1	Eukaryota	superkingdom
SRR6823452.Contig4.1	Fungi	kingdom
SRR6823452.Contig4.1	Basidiomycota	phylum
SRR6823452.Contig4.1	Agaricomycetes	class
SRR6823452.Contig4.1	Agaricales	order
SRR6823452.Contig4.1	Amanitaceae	family
SRR6823452.Contig4.1	Amanita	genus
SRR6823452.Contig4.1	Amanita pantherina	species
SRR1693519.Contig3.1_2	Eukaryota	superkingdom
SRR1693519.Contig3.1_2	Fungi	kingdom
SRR1693519.Contig3.1_2	Basidiomycota	phylum
SRR1693519.Contig3.1_2	Agaricomycetes	class
SRR1693519.Contig3.1_2	Agaricales	order
SRR1693519.Contig3.1_2	Hymenogastraceae	family
SRR1693519.Contig3.1_2	Hebeloma	genus
SRR1693519.Contig3.1_2	Hebeloma cylindrosporum	species
SRR5146334.Contig5.1	Eukaryota	superkingdom
SRR5146334.Contig5.1	Fungi	kingdom
SRR5146334.Contig5.1	Basidiomycota	phylum
SRR5146334.Contig5.1	Agaricomycetes	class
SRR5146334.Contig5.1	Agaricales	order
SRR5146334.Contig5.1	Hymenogastraceae	family
SRR5146334.Contig5.1	Hebeloma	genus
SRR5146334.Contig5.1	Hebeloma cylindrosporum	species
SRR5146330.Contig4.1	Eukaryota	superkingdom
SRR5146330.Contig4.1	Fungi	kingdom
SRR5146330.Contig4.1	Basidiomycota	phylum
SRR5146330.Contig4.1	Agaricomycetes	class
SRR5146330.Contig4.1	Agaricales	order
SRR5146330.Contig4.1	Hymenogastraceae	family
SRR5146330.Contig4.1	Hebeloma	genus
SRR5146330.Contig4.1	Hebeloma cylindrosporum	species
SRR5146323.Contig3.1	Eukaryota	superkingdom
SRR5146323.Contig3.1	Fungi	kingdom
SRR5146323.Contig3.1	Basidiomycota	phylum
SRR5146323.Contig3.1	Agaricomycetes	class
SRR5146323.Contig3.1	Agaricales	order
SRR5146323.Contig3.1	Hymenogastraceae	family
SRR5146323.Contig3.1	Hebeloma	genus
SRR5146323.Contig3.1	Hebeloma cylindrosporum	species
SRR7694632.Contig20.1	Eukaryota	superkingdom
SRR7694632.Contig20.1	Fungi	kingdom
SRR7694632.Contig20.1	Basidiomycota	phylum
SRR7694632.Contig20.1	Agaricomycetes	class
SRR7694632.Contig20.1	Agaricales	order
SRR7694632.Contig20.1	Amanitaceae	family
SRR7694632.Contig20.1	Amanita	genus
SRR7694632.Contig20.1	Amanita brunnescens	species
SRR5146328.Contig4.1	Eukaryota	superkingdom
SRR5146328.Contig4.1	Fungi	kingdom
SRR5146328.Contig4.1	Basidiomycota	phylum
SRR5146328.Contig4.1	Agaricomycetes	class
SRR5146328.Contig4.1	Agaricales	order
SRR5146328.Contig4.1	Hymenogastraceae	family
SRR5146328.Contig4.1	Hebeloma	genus
SRR5146328.Contig4.1	Hebeloma cylindrosporum	species
SRR7694631.Contig63.1	Eukaryota	superkingdom
SRR7694631.Contig63.1	Fungi	kingdom
SRR7694631.Contig63.1	Basidiomycota	phylum
SRR7694631.Contig63.1	Agaricomycetes	class
SRR7694631.Contig63.1	Agaricales	order
SRR7694631.Contig63.1	Amanitaceae	family
SRR7694631.Contig63.1	Amanita	genus
SRR7694631.Contig63.1	Amanita brunnescens	species
SRR7694632.Contig47.1	Eukaryota	superkingdom
SRR7694632.Contig47.1	Fungi	kingdom
SRR7694632.Contig47.1	Basidiomycota	phylum
SRR7694632.Contig47.1	Agaricomycetes	class
SRR7694632.Contig47.1	Agaricales	order
SRR7694632.Contig47.1	Amanitaceae	family
SRR7694632.Contig47.1	Amanita	genus
SRR7694632.Contig47.1	Amanita brunnescens	species
SRR7694631.Contig17.1	Eukaryota	superkingdom
SRR7694631.Contig17.1	Fungi	kingdom
SRR7694631.Contig17.1	Basidiomycota	phylum
SRR7694631.Contig17.1	Agaricomycetes	class
SRR7694631.Contig17.1	Agaricales	order
SRR7694631.Contig17.1	Amanitaceae	family
SRR7694631.Contig17.1	Amanita	genus
SRR7694631.Contig17.1	Amanita brunnescens	species
SRR9130471.Contig5.1	Eukaryota	superkingdom
SRR9130471.Contig5.1	Fungi	kingdom
SRR9130471.Contig5.1	Basidiomycota	phylum
SRR9130471.Contig5.1	Agaricomycetes	class
SRR9130471.Contig5.1	Agaricales	order
SRR9130471.Contig5.1	Agaricaceae	family
SRR9130471.Contig5.1	Agaricus	genus
SRR9130471.Contig5.1	Agaricus brasiliensis	species
SRR9130464.Contig2.1	Eukaryota	superkingdom
SRR9130464.Contig2.1	Fungi	kingdom
SRR9130464.Contig2.1	Basidiomycota	phylum
SRR9130464.Contig2.1	Agaricomycetes	class
SRR9130464.Contig2.1	Agaricales	order
SRR9130464.Contig2.1	Agaricaceae	family
SRR9130464.Contig2.1	Agaricus	genus
SRR9130464.Contig2.1	Agaricus brasiliensis	species
SRR19352694.Contig14.1	Eukaryota	superkingdom
SRR19352694.Contig14.1	Fungi	kingdom
SRR19352694.Contig14.1	Basidiomycota	phylum
SRR19352694.Contig14.1	Agaricomycetes	class
SRR19352694.Contig14.1	Agaricales	order
SRR19352694.Contig14.1	Strophariaceae	family
SRR19352694.Contig14.1	Stropharia	genus
SRR19352694.Contig14.1	Stropharia rugosoannulata	species
SRR19352686.Contig23.1	Eukaryota	superkingdom
SRR19352686.Contig23.1	Fungi	kingdom
SRR19352686.Contig23.1	Basidiomycota	phylum
SRR19352686.Contig23.1	Agaricomycetes	class
SRR19352686.Contig23.1	Agaricales	order
SRR19352686.Contig23.1	Strophariaceae	family
SRR19352686.Contig23.1	Stropharia	genus
SRR19352686.Contig23.1	Stropharia rugosoannulata	species
SRR19352697.Contig8.1	Eukaryota	superkingdom
SRR19352697.Contig8.1	Fungi	kingdom
SRR19352697.Contig8.1	Basidiomycota	phylum
SRR19352697.Contig8.1	Agaricomycetes	class
SRR19352697.Contig8.1	Agaricales	order
SRR19352697.Contig8.1	Strophariaceae	family
SRR19352697.Contig8.1	Stropharia	genus
SRR19352697.Contig8.1	Stropharia rugosoannulata	species
SRR12605071.Contig2.1	Eukaryota	superkingdom
SRR12605071.Contig2.1	Fungi	kingdom
SRR12605071.Contig2.1	Basidiomycota	phylum
SRR12605071.Contig2.1	Agaricomycetes	class
SRR12605071.Contig2.1	Agaricales	order
SRR12605071.Contig2.1	Omphalotaceae	family
SRR12605071.Contig2.1	Lentinula	genus
SRR12605071.Contig2.1	Lentinula edodes	species
SRR6188980.Contig1.1	Eukaryota	superkingdom
SRR6188980.Contig1.1	Fungi	kingdom
SRR6188980.Contig1.1	Basidiomycota	phylum
SRR6188980.Contig1.1	Agaricomycetes	class
SRR6188980.Contig1.1	Auriculariales	order
SRR6188980.Contig1.1	Auriculariaceae	family
SRR6188980.Contig1.1	Auricularia	genus
SRR6188980.Contig1.1	Auricularia auricula-judae	species
SRR6193771.Contig1.1	Eukaryota	superkingdom
SRR6193771.Contig1.1	Fungi	kingdom
SRR6193771.Contig1.1	Basidiomycota	phylum
SRR6193771.Contig1.1	Agaricomycetes	class
SRR6193771.Contig1.1	Auriculariales	order
SRR6193771.Contig1.1	Auriculariaceae	family
SRR6193771.Contig1.1	Auricularia	genus
SRR6193771.Contig1.1	Auricularia auricula-judae	species
SRR19352689.Contig13.1	Eukaryota	superkingdom
SRR19352689.Contig13.1	Fungi	kingdom
SRR19352689.Contig13.1	Basidiomycota	phylum
SRR19352689.Contig13.1	Agaricomycetes	class
SRR19352689.Contig13.1	Agaricales	order
SRR19352689.Contig13.1	Strophariaceae	family
SRR19352689.Contig13.1	Stropharia	genus
SRR19352689.Contig13.1	Stropharia rugosoannulata	species
SRR19352695.Contig6.1	Eukaryota	superkingdom
SRR19352695.Contig6.1	Fungi	kingdom
SRR19352695.Contig6.1	Basidiomycota	phylum
SRR19352695.Contig6.1	Agaricomycetes	class
SRR19352695.Contig6.1	Agaricales	order
SRR19352695.Contig6.1	Strophariaceae	family
SRR19352695.Contig6.1	Stropharia	genus
SRR19352695.Contig6.1	Stropharia rugosoannulata	species
SRR8246575.Contig7.1	Eukaryota	superkingdom
SRR8246575.Contig7.1	Fungi	kingdom
SRR8246575.Contig7.1	Basidiomycota	phylum
SRR8246575.Contig7.1	Agaricomycetes	class
SRR8246575.Contig7.1	Boletales	order
SRR8246575.Contig7.1	Suillaceae	family
SRR8246575.Contig7.1	Suillus	genus
SRR8246575.Contig7.1	Suillus tomentosus	species
SRR5491302.Contig1.1	Eukaryota	superkingdom
SRR5491302.Contig1.1	Fungi	kingdom
SRR5491302.Contig1.1	Basidiomycota	phylum
SRR5491302.Contig1.1	Agaricomycetes	class
SRR5491302.Contig1.1	Boletales	order
SRR5491302.Contig1.1	Suillaceae	family
SRR5491302.Contig1.1	Suillus	genus
SRR5491302.Contig1.1	Suillus weaverae	species
SRR16887727.Contig74.1	Eukaryota	superkingdom
SRR16887727.Contig74.1	Fungi	kingdom
SRR16887727.Contig74.1	Basidiomycota	phylum
SRR16887727.Contig74.1	Agaricomycetes	class
SRR16887727.Contig74.1	Boletales	order
SRR16887727.Contig74.1	Boletinellaceae	family
SRR16887727.Contig74.1	Phlebopus	genus
SRR16887727.Contig74.1	Phlebopus portentosus	species
SRR16887727.Contig15.1	Eukaryota	superkingdom
SRR16887727.Contig15.1	Fungi	kingdom
SRR16887727.Contig15.1	Basidiomycota	phylum
SRR16887727.Contig15.1	Agaricomycetes	class
SRR16887727.Contig15.1	Boletales	order
SRR16887727.Contig15.1	Boletinellaceae	family
SRR16887727.Contig15.1	Phlebopus	genus
SRR16887727.Contig15.1	Phlebopus portentosus	species
SRR16887728.Contig80.1	Eukaryota	superkingdom
SRR16887728.Contig80.1	Fungi	kingdom
SRR16887728.Contig80.1	Basidiomycota	phylum
SRR16887728.Contig80.1	Agaricomycetes	class
SRR16887728.Contig80.1	Boletales	order
SRR16887728.Contig80.1	Boletinellaceae	family
SRR16887728.Contig80.1	Phlebopus	genus
SRR16887728.Contig80.1	Phlebopus portentosus	species
SRR16887727.Contig38.1	Eukaryota	superkingdom
SRR16887727.Contig38.1	Fungi	kingdom
SRR16887727.Contig38.1	Basidiomycota	phylum
SRR16887727.Contig38.1	Agaricomycetes	class
SRR16887727.Contig38.1	Boletales	order
SRR16887727.Contig38.1	Boletinellaceae	family
SRR16887727.Contig38.1	Phlebopus	genus
SRR16887727.Contig38.1	Phlebopus portentosus	species
SRR16887727.Contig17.1	Eukaryota	superkingdom
SRR16887727.Contig17.1	Fungi	kingdom
SRR16887727.Contig17.1	Basidiomycota	phylum
SRR16887727.Contig17.1	Agaricomycetes	class
SRR16887727.Contig17.1	Boletales	order
SRR16887727.Contig17.1	Boletinellaceae	family
SRR16887727.Contig17.1	Phlebopus	genus
SRR16887727.Contig17.1	Phlebopus portentosus	species
SRR16887728.Contig29.1	Eukaryota	superkingdom
SRR16887728.Contig29.1	Fungi	kingdom
SRR16887728.Contig29.1	Basidiomycota	phylum
SRR16887728.Contig29.1	Agaricomycetes	class
SRR16887728.Contig29.1	Boletales	order
SRR16887728.Contig29.1	Boletinellaceae	family
SRR16887728.Contig29.1	Phlebopus	genus
SRR16887728.Contig29.1	Phlebopus portentosus	species
SRR19352693.Contig24.1	Eukaryota	superkingdom
SRR19352693.Contig24.1	Fungi	kingdom
SRR19352693.Contig24.1	Basidiomycota	phylum
SRR19352693.Contig24.1	Agaricomycetes	class
SRR19352693.Contig24.1	Agaricales	order
SRR19352693.Contig24.1	Strophariaceae	family
SRR19352693.Contig24.1	Stropharia	genus
SRR19352693.Contig24.1	Stropharia rugosoannulata	species
SRR19352690.Contig13.1	Eukaryota	superkingdom
SRR19352690.Contig13.1	Fungi	kingdom
SRR19352690.Contig13.1	Basidiomycota	phylum
SRR19352690.Contig13.1	Agaricomycetes	class
SRR19352690.Contig13.1	Agaricales	order
SRR19352690.Contig13.1	Strophariaceae	family
SRR19352690.Contig13.1	Stropharia	genus
SRR19352690.Contig13.1	Stropharia rugosoannulata	species
SRR19352690.Contig4.1	Eukaryota	superkingdom
SRR19352690.Contig4.1	Fungi	kingdom
SRR19352690.Contig4.1	Basidiomycota	phylum
SRR19352690.Contig4.1	Agaricomycetes	class
SRR19352690.Contig4.1	Agaricales	order
SRR19352690.Contig4.1	Strophariaceae	family
SRR19352690.Contig4.1	Stropharia	genus
SRR19352690.Contig4.1	Stropharia rugosoannulata	species
SRR19352697.Contig29.1	Eukaryota	superkingdom
SRR19352697.Contig29.1	Fungi	kingdom
SRR19352697.Contig29.1	Basidiomycota	phylum
SRR19352697.Contig29.1	Agaricomycetes	class
SRR19352697.Contig29.1	Agaricales	order
SRR19352697.Contig29.1	Strophariaceae	family
SRR19352697.Contig29.1	Stropharia	genus
SRR19352697.Contig29.1	Stropharia rugosoannulata	species
SRR19352687.Contig23.1	Eukaryota	superkingdom
SRR19352687.Contig23.1	Fungi	kingdom
SRR19352687.Contig23.1	Basidiomycota	phylum
SRR19352687.Contig23.1	Agaricomycetes	class
SRR19352687.Contig23.1	Agaricales	order
SRR19352687.Contig23.1	Strophariaceae	family
SRR19352687.Contig23.1	Stropharia	genus
SRR19352687.Contig23.1	Stropharia rugosoannulata	species
SRR19352696.Contig5.1	Eukaryota	superkingdom
SRR19352696.Contig5.1	Fungi	kingdom
SRR19352696.Contig5.1	Basidiomycota	phylum
SRR19352696.Contig5.1	Agaricomycetes	class
SRR19352696.Contig5.1	Agaricales	order
SRR19352696.Contig5.1	Strophariaceae	family
SRR19352696.Contig5.1	Stropharia	genus
SRR19352696.Contig5.1	Stropharia rugosoannulata	species
SRR19352697.Contig21.1	Eukaryota	superkingdom
SRR19352697.Contig21.1	Fungi	kingdom
SRR19352697.Contig21.1	Basidiomycota	phylum
SRR19352697.Contig21.1	Agaricomycetes	class
SRR19352697.Contig21.1	Agaricales	order
SRR19352697.Contig21.1	Strophariaceae	family
SRR19352697.Contig21.1	Stropharia	genus
SRR19352697.Contig21.1	Stropharia rugosoannulata	species
SRR19352695.Contig24.1	Eukaryota	superkingdom
SRR19352695.Contig24.1	Fungi	kingdom
SRR19352695.Contig24.1	Basidiomycota	phylum
SRR19352695.Contig24.1	Agaricomycetes	class
SRR19352695.Contig24.1	Agaricales	order
SRR19352695.Contig24.1	Strophariaceae	family
SRR19352695.Contig24.1	Stropharia	genus
SRR19352695.Contig24.1	Stropharia rugosoannulata	species
SRR19352696.Contig8.1	Eukaryota	superkingdom
SRR19352696.Contig8.1	Fungi	kingdom
SRR19352696.Contig8.1	Basidiomycota	phylum
SRR19352696.Contig8.1	Agaricomycetes	class
SRR19352696.Contig8.1	Agaricales	order
SRR19352696.Contig8.1	Strophariaceae	family
SRR19352696.Contig8.1	Stropharia	genus
SRR19352696.Contig8.1	Stropharia rugosoannulata	species
SRR19352690.Contig17.1	Eukaryota	superkingdom
SRR19352690.Contig17.1	Fungi	kingdom
SRR19352690.Contig17.1	Basidiomycota	phylum
SRR19352690.Contig17.1	Agaricomycetes	class
SRR19352690.Contig17.1	Agaricales	order
SRR19352690.Contig17.1	Strophariaceae	family
SRR19352690.Contig17.1	Stropharia	genus
SRR19352690.Contig17.1	Stropharia rugosoannulata	species
SRR19352692.Contig3.1	Eukaryota	superkingdom
SRR19352692.Contig3.1	Fungi	kingdom
SRR19352692.Contig3.1	Basidiomycota	phylum
SRR19352692.Contig3.1	Agaricomycetes	class
SRR19352692.Contig3.1	Agaricales	order
SRR19352692.Contig3.1	Strophariaceae	family
SRR19352692.Contig3.1	Stropharia	genus
SRR19352692.Contig3.1	Stropharia rugosoannulata	species
SRR19352696.Contig6.1	Eukaryota	superkingdom
SRR19352696.Contig6.1	Fungi	kingdom
SRR19352696.Contig6.1	Basidiomycota	phylum
SRR19352696.Contig6.1	Agaricomycetes	class
SRR19352696.Contig6.1	Agaricales	order
SRR19352696.Contig6.1	Strophariaceae	family
SRR19352696.Contig6.1	Stropharia	genus
SRR19352696.Contig6.1	Stropharia rugosoannulata	species
SRR19352697.Contig31.1	Eukaryota	superkingdom
SRR19352697.Contig31.1	Fungi	kingdom
SRR19352697.Contig31.1	Basidiomycota	phylum
SRR19352697.Contig31.1	Agaricomycetes	class
SRR19352697.Contig31.1	Agaricales	order
SRR19352697.Contig31.1	Strophariaceae	family
SRR19352697.Contig31.1	Stropharia	genus
SRR19352697.Contig31.1	Stropharia rugosoannulata	species
SRR8246575.Contig5.1	Eukaryota	superkingdom
SRR8246575.Contig5.1	Fungi	kingdom
SRR8246575.Contig5.1	Basidiomycota	phylum
SRR8246575.Contig5.1	Agaricomycetes	class
SRR8246575.Contig5.1	Boletales	order
SRR8246575.Contig5.1	Suillaceae	family
SRR8246575.Contig5.1	Suillus	genus
SRR8246575.Contig5.1	Suillus tomentosus	species
SRR19352688.Contig19.1	Eukaryota	superkingdom
SRR19352688.Contig19.1	Fungi	kingdom
SRR19352688.Contig19.1	Basidiomycota	phylum
SRR19352688.Contig19.1	Agaricomycetes	class
SRR19352688.Contig19.1	Agaricales	order
SRR19352688.Contig19.1	Strophariaceae	family
SRR19352688.Contig19.1	Stropharia	genus
SRR19352688.Contig19.1	Stropharia rugosoannulata	species
SRR19352690.Contig23.1	Eukaryota	superkingdom
SRR19352690.Contig23.1	Fungi	kingdom
SRR19352690.Contig23.1	Basidiomycota	phylum
SRR19352690.Contig23.1	Agaricomycetes	class
SRR19352690.Contig23.1	Agaricales	order
SRR19352690.Contig23.1	Strophariaceae	family
SRR19352690.Contig23.1	Stropharia	genus
SRR19352690.Contig23.1	Stropharia rugosoannulata	species
SRR16887727.Contig80.1	Eukaryota	superkingdom
SRR16887727.Contig80.1	Fungi	kingdom
SRR16887727.Contig80.1	Basidiomycota	phylum
SRR16887727.Contig80.1	Agaricomycetes	class
SRR16887727.Contig80.1	Boletales	order
SRR16887727.Contig80.1	Boletinellaceae	family
SRR16887727.Contig80.1	Phlebopus	genus
SRR16887727.Contig80.1	Phlebopus portentosus	species
SRR16887727.Contig66.1	Eukaryota	superkingdom
SRR16887727.Contig66.1	Fungi	kingdom
SRR16887727.Contig66.1	Basidiomycota	phylum
SRR16887727.Contig66.1	Agaricomycetes	class
SRR16887727.Contig66.1	Boletales	order
SRR16887727.Contig66.1	Boletinellaceae	family
SRR16887727.Contig66.1	Phlebopus	genus
SRR16887727.Contig66.1	Phlebopus portentosus	species
SRR16887726.Contig36.1	Eukaryota	superkingdom
SRR16887726.Contig36.1	Fungi	kingdom
SRR16887726.Contig36.1	Basidiomycota	phylum
SRR16887726.Contig36.1	Agaricomycetes	class
SRR16887726.Contig36.1	Boletales	order
SRR16887726.Contig36.1	Boletinellaceae	family
SRR16887726.Contig36.1	Phlebopus	genus
SRR16887726.Contig36.1	Phlebopus portentosus	species
SRR16887728.Contig41.1	Eukaryota	superkingdom
SRR16887728.Contig41.1	Fungi	kingdom
SRR16887728.Contig41.1	Basidiomycota	phylum
SRR16887728.Contig41.1	Agaricomycetes	class
SRR16887728.Contig41.1	Boletales	order
SRR16887728.Contig41.1	Boletinellaceae	family
SRR16887728.Contig41.1	Phlebopus	genus
SRR16887728.Contig41.1	Phlebopus portentosus	species
SRR16887725.Contig1.1	Eukaryota	superkingdom
SRR16887725.Contig1.1	Fungi	kingdom
SRR16887725.Contig1.1	Basidiomycota	phylum
SRR16887725.Contig1.1	Agaricomycetes	class
SRR16887725.Contig1.1	Boletales	order
SRR16887725.Contig1.1	Boletinellaceae	family
SRR16887725.Contig1.1	Phlebopus	genus
SRR16887725.Contig1.1	Phlebopus portentosus	species
SRR16887727.Contig54.1	Eukaryota	superkingdom
SRR16887727.Contig54.1	Fungi	kingdom
SRR16887727.Contig54.1	Basidiomycota	phylum
SRR16887727.Contig54.1	Agaricomycetes	class
SRR16887727.Contig54.1	Boletales	order
SRR16887727.Contig54.1	Boletinellaceae	family
SRR16887727.Contig54.1	Phlebopus	genus
SRR16887727.Contig54.1	Phlebopus portentosus	species
SRR16887726.Contig35.1	Eukaryota	superkingdom
SRR16887726.Contig35.1	Fungi	kingdom
SRR16887726.Contig35.1	Basidiomycota	phylum
SRR16887726.Contig35.1	Agaricomycetes	class
SRR16887726.Contig35.1	Boletales	order
SRR16887726.Contig35.1	Boletinellaceae	family
SRR16887726.Contig35.1	Phlebopus	genus
SRR16887726.Contig35.1	Phlebopus portentosus	species
SRR16887728.Contig23.1	Eukaryota	superkingdom
SRR16887728.Contig23.1	Fungi	kingdom
SRR16887728.Contig23.1	Basidiomycota	phylum
SRR16887728.Contig23.1	Agaricomycetes	class
SRR16887728.Contig23.1	Boletales	order
SRR16887728.Contig23.1	Boletinellaceae	family
SRR16887728.Contig23.1	Phlebopus	genus
SRR16887728.Contig23.1	Phlebopus portentosus	species
SRR16887728.Contig7.1	Eukaryota	superkingdom
SRR16887728.Contig7.1	Fungi	kingdom
SRR16887728.Contig7.1	Basidiomycota	phylum
SRR16887728.Contig7.1	Agaricomycetes	class
SRR16887728.Contig7.1	Boletales	order
SRR16887728.Contig7.1	Boletinellaceae	family
SRR16887728.Contig7.1	Phlebopus	genus
SRR16887728.Contig7.1	Phlebopus portentosus	species
SRR16887726.Contig49.1	Eukaryota	superkingdom
SRR16887726.Contig49.1	Fungi	kingdom
SRR16887726.Contig49.1	Basidiomycota	phylum
SRR16887726.Contig49.1	Agaricomycetes	class
SRR16887726.Contig49.1	Boletales	order
SRR16887726.Contig49.1	Boletinellaceae	family
SRR16887726.Contig49.1	Phlebopus	genus
SRR16887726.Contig49.1	Phlebopus portentosus	species
SRR16887727.Contig14.1	Eukaryota	superkingdom
SRR16887727.Contig14.1	Fungi	kingdom
SRR16887727.Contig14.1	Basidiomycota	phylum
SRR16887727.Contig14.1	Agaricomycetes	class
SRR16887727.Contig14.1	Boletales	order
SRR16887727.Contig14.1	Boletinellaceae	family
SRR16887727.Contig14.1	Phlebopus	genus
SRR16887727.Contig14.1	Phlebopus portentosus	species
SRR19352697.Contig10.1	Eukaryota	superkingdom
SRR19352697.Contig10.1	Fungi	kingdom
SRR19352697.Contig10.1	Basidiomycota	phylum
SRR19352697.Contig10.1	Agaricomycetes	class
SRR19352697.Contig10.1	Agaricales	order
SRR19352697.Contig10.1	Strophariaceae	family
SRR19352697.Contig10.1	Stropharia	genus
SRR19352697.Contig10.1	Stropharia rugosoannulata	species
SRR16998507.Contig1.1	Eukaryota	superkingdom
SRR16998507.Contig1.1	Fungi	kingdom
SRR16998507.Contig1.1	Basidiomycota	phylum
SRR16998507.Contig1.1	Agaricomycetes	class
SRR16998507.Contig1.1	Agaricales	order
SRR16998507.Contig1.1	Pleurotaceae	family
SRR16998507.Contig1.1	Pleurotus	genus
SRR16998507.Contig1.1	Pleurotus ostreatus	species
SRR16998503.Contig2.1	Eukaryota	superkingdom
SRR16998503.Contig2.1	Fungi	kingdom
SRR16998503.Contig2.1	Basidiomycota	phylum
SRR16998503.Contig2.1	Agaricomycetes	class
SRR16998503.Contig2.1	Agaricales	order
SRR16998503.Contig2.1	Pleurotaceae	family
SRR16998503.Contig2.1	Pleurotus	genus
SRR16998503.Contig2.1	Pleurotus ostreatus	species
SRR19345754.Contig2.1	Eukaryota	superkingdom
SRR19345754.Contig2.1	Fungi	kingdom
SRR19345754.Contig2.1	Basidiomycota	phylum
SRR19345754.Contig2.1	Agaricomycetes	class
SRR19345754.Contig2.1	Russulales	order
SRR19345754.Contig2.1	Russulaceae	family
SRR19345754.Contig2.1	Lactarius	genus
SRR19345754.Contig2.1	Lactarius hatsudake	species
SRR9644506.Contig1.1	Eukaryota	superkingdom
SRR9644506.Contig1.1	Fungi	kingdom
SRR9644506.Contig1.1	Basidiomycota	phylum
SRR9644506.Contig1.1	Agaricomycetes	class
SRR9644506.Contig1.1	Polyporales	order
SRR9644506.Contig1.1	Phaeolaceae	family
SRR9644506.Contig1.1	Wolfiporia	genus
SRR9644506.Contig1.1	Wolfiporia cocos	species
SRR19352691.Contig7.1	Eukaryota	superkingdom
SRR19352691.Contig7.1	Fungi	kingdom
SRR19352691.Contig7.1	Basidiomycota	phylum
SRR19352691.Contig7.1	Agaricomycetes	class
SRR19352691.Contig7.1	Agaricales	order
SRR19352691.Contig7.1	Strophariaceae	family
SRR19352691.Contig7.1	Stropharia	genus
SRR19352691.Contig7.1	Stropharia rugosoannulata	species
SRR19352690.Contig21.1	Eukaryota	superkingdom
SRR19352690.Contig21.1	Fungi	kingdom
SRR19352690.Contig21.1	Basidiomycota	phylum
SRR19352690.Contig21.1	Agaricomycetes	class
SRR19352690.Contig21.1	Agaricales	order
SRR19352690.Contig21.1	Strophariaceae	family
SRR19352690.Contig21.1	Stropharia	genus
SRR19352690.Contig21.1	Stropharia rugosoannulata	species
SRR19352688.Contig7.1	Eukaryota	superkingdom
SRR19352688.Contig7.1	Fungi	kingdom
SRR19352688.Contig7.1	Basidiomycota	phylum
SRR19352688.Contig7.1	Agaricomycetes	class
SRR19352688.Contig7.1	Agaricales	order
SRR19352688.Contig7.1	Strophariaceae	family
SRR19352688.Contig7.1	Stropharia	genus
SRR19352688.Contig7.1	Stropharia rugosoannulata	species
SRR19352693.Contig19.1	Eukaryota	superkingdom
SRR19352693.Contig19.1	Fungi	kingdom
SRR19352693.Contig19.1	Basidiomycota	phylum
SRR19352693.Contig19.1	Agaricomycetes	class
SRR19352693.Contig19.1	Agaricales	order
SRR19352693.Contig19.1	Strophariaceae	family
SRR19352693.Contig19.1	Stropharia	genus
SRR19352693.Contig19.1	Stropharia rugosoannulata	species
SRR19352687.Contig3.1	Eukaryota	superkingdom
SRR19352687.Contig3.1	Fungi	kingdom
SRR19352687.Contig3.1	Basidiomycota	phylum
SRR19352687.Contig3.1	Agaricomycetes	class
SRR19352687.Contig3.1	Agaricales	order
SRR19352687.Contig3.1	Strophariaceae	family
SRR19352687.Contig3.1	Stropharia	genus
SRR19352687.Contig3.1	Stropharia rugosoannulata	species
SRR1693517.Contig4.1	Eukaryota	superkingdom
SRR1693517.Contig4.1	Fungi	kingdom
SRR1693517.Contig4.1	Basidiomycota	phylum
SRR1693517.Contig4.1	Agaricomycetes	class
SRR1693517.Contig4.1	Agaricales	order
SRR1693517.Contig4.1	Hymenogastraceae	family
SRR1693517.Contig4.1	Hebeloma	genus
SRR1693517.Contig4.1	Hebeloma cylindrosporum	species
SRR9130470.Contig5.1	Eukaryota	superkingdom
SRR9130470.Contig5.1	Fungi	kingdom
SRR9130470.Contig5.1	Basidiomycota	phylum
SRR9130470.Contig5.1	Agaricomycetes	class
SRR9130470.Contig5.1	Agaricales	order
SRR9130470.Contig5.1	Agaricaceae	family
SRR9130470.Contig5.1	Agaricus	genus
SRR9130470.Contig5.1	Agaricus brasiliensis	species
SRR17034671.Contig1.1	Eukaryota	superkingdom
SRR17034671.Contig1.1	Fungi	kingdom
SRR17034671.Contig1.1	Basidiomycota	phylum
SRR17034671.Contig1.1	Agaricomycetes	class
SRR17034671.Contig1.1	Agaricales	order
SRR17034671.Contig1.1	Agaricaceae	family
SRR17034671.Contig1.1	Agaricus	genus
SRR17034671.Contig1.1	Agaricus blazei	species
SRR17034677.Contig4.1	Eukaryota	superkingdom
SRR17034677.Contig4.1	Fungi	kingdom
SRR17034677.Contig4.1	Basidiomycota	phylum
SRR17034677.Contig4.1	Agaricomycetes	class
SRR17034677.Contig4.1	Agaricales	order
SRR17034677.Contig4.1	Agaricaceae	family
SRR17034677.Contig4.1	Agaricus	genus
SRR17034677.Contig4.1	Agaricus blazei	species
SRR13089179.Contig1.1	Eukaryota	superkingdom
SRR13089179.Contig1.1	Fungi	kingdom
SRR13089179.Contig1.1	Basidiomycota	phylum
SRR13089179.Contig1.1	Agaricomycetes	class
SRR13089179.Contig1.1	Agaricales	order
SRR13089179.Contig1.1	Entolomataceae	family
SRR13089179.Contig1.1	Clitopilus	genus
SRR13089179.Contig1.1	Clitopilus hobsonii	species
SRR17930462.Contig1.1	Eukaryota	superkingdom
SRR17930462.Contig1.1	Fungi	kingdom
SRR17930462.Contig1.1	Basidiomycota	phylum
SRR17930462.Contig1.1	Agaricomycetes	class
SRR17930462.Contig1.1	Agaricales	order
SRR17930462.Contig1.1	Entolomataceae	family
SRR17930462.Contig1.1	Clitopilus	genus
SRR17930462.Contig1.1	Clitopilus hobsonii	species
SRR17930463.Contig1.1	Eukaryota	superkingdom
SRR17930463.Contig1.1	Fungi	kingdom
SRR17930463.Contig1.1	Basidiomycota	phylum
SRR17930463.Contig1.1	Agaricomycetes	class
SRR17930463.Contig1.1	Agaricales	order
SRR17930463.Contig1.1	Entolomataceae	family
SRR17930463.Contig1.1	Clitopilus	genus
SRR17930463.Contig1.1	Clitopilus hobsonii	species
SRR19352687.Contig14.1	Eukaryota	superkingdom
SRR19352687.Contig14.1	Fungi	kingdom
SRR19352687.Contig14.1	Basidiomycota	phylum
SRR19352687.Contig14.1	Agaricomycetes	class
SRR19352687.Contig14.1	Agaricales	order
SRR19352687.Contig14.1	Strophariaceae	family
SRR19352687.Contig14.1	Stropharia	genus
SRR19352687.Contig14.1	Stropharia rugosoannulata	species
SRR19352696.Contig9.1	Eukaryota	superkingdom
SRR19352696.Contig9.1	Fungi	kingdom
SRR19352696.Contig9.1	Basidiomycota	phylum
SRR19352696.Contig9.1	Agaricomycetes	class
SRR19352696.Contig9.1	Agaricales	order
SRR19352696.Contig9.1	Strophariaceae	family
SRR19352696.Contig9.1	Stropharia	genus
SRR19352696.Contig9.1	Stropharia rugosoannulata	species
SRR19352693.Contig3.1	Eukaryota	superkingdom
SRR19352693.Contig3.1	Fungi	kingdom
SRR19352693.Contig3.1	Basidiomycota	phylum
SRR19352693.Contig3.1	Agaricomycetes	class
SRR19352693.Contig3.1	Agaricales	order
SRR19352693.Contig3.1	Strophariaceae	family
SRR19352693.Contig3.1	Stropharia	genus
SRR19352693.Contig3.1	Stropharia rugosoannulata	species
SRR19352692.Contig2.1	Eukaryota	superkingdom
SRR19352692.Contig2.1	Fungi	kingdom
SRR19352692.Contig2.1	Basidiomycota	phylum
SRR19352692.Contig2.1	Agaricomycetes	class
SRR19352692.Contig2.1	Agaricales	order
SRR19352692.Contig2.1	Strophariaceae	family
SRR19352692.Contig2.1	Stropharia	genus
SRR19352692.Contig2.1	Stropharia rugosoannulata	species
SRR089758.Contig2.1	Eukaryota	superkingdom
SRR089758.Contig2.1	Fungi	kingdom
SRR089758.Contig2.1	Basidiomycota	phylum
SRR089758.Contig2.1	Agaricomycetes	class
SRR089758.Contig2.1	Agaricales	order
SRR089758.Contig2.1	Amanitaceae	family
SRR089758.Contig2.1	Amanita	genus
SRR089758.Contig2.1	Amanita thiersii	species
SRR10040561.Contig2.1	Eukaryota	superkingdom
SRR10040561.Contig2.1	Fungi	kingdom
SRR10040561.Contig2.1	Basidiomycota	phylum
SRR10040561.Contig2.1	Agaricomycetes	class
SRR10040561.Contig2.1	Agaricales	order
SRR10040561.Contig2.1	Pluteaceae	family
SRR10040561.Contig2.1	Volvariella	genus
SRR10040561.Contig2.1	Volvariella volvacea	species
SRR10040556.Contig1.1	Eukaryota	superkingdom
SRR10040556.Contig1.1	Fungi	kingdom
SRR10040556.Contig1.1	Basidiomycota	phylum
SRR10040556.Contig1.1	Agaricomycetes	class
SRR10040556.Contig1.1	Agaricales	order
SRR10040556.Contig1.1	Pluteaceae	family
SRR10040556.Contig1.1	Volvariella	genus
SRR10040556.Contig1.1	Volvariella volvacea	species
SRR10040559.Contig6.1	Eukaryota	superkingdom
SRR10040559.Contig6.1	Fungi	kingdom
SRR10040559.Contig6.1	Basidiomycota	phylum
SRR10040559.Contig6.1	Agaricomycetes	class
SRR10040559.Contig6.1	Agaricales	order
SRR10040559.Contig6.1	Pluteaceae	family
SRR10040559.Contig6.1	Volvariella	genus
SRR10040559.Contig6.1	Volvariella volvacea	species
SRR10040562.Contig7.1	Eukaryota	superkingdom
SRR10040562.Contig7.1	Fungi	kingdom
SRR10040562.Contig7.1	Basidiomycota	phylum
SRR10040562.Contig7.1	Agaricomycetes	class
SRR10040562.Contig7.1	Agaricales	order
SRR10040562.Contig7.1	Pluteaceae	family
SRR10040562.Contig7.1	Volvariella	genus
SRR10040562.Contig7.1	Volvariella volvacea	species
SRR10040557.Contig7.1	Eukaryota	superkingdom
SRR10040557.Contig7.1	Fungi	kingdom
SRR10040557.Contig7.1	Basidiomycota	phylum
SRR10040557.Contig7.1	Agaricomycetes	class
SRR10040557.Contig7.1	Agaricales	order
SRR10040557.Contig7.1	Pluteaceae	family
SRR10040557.Contig7.1	Volvariella	genus
SRR10040557.Contig7.1	Volvariella volvacea	species
SRR10040558.Contig3.1	Eukaryota	superkingdom
SRR10040558.Contig3.1	Fungi	kingdom
SRR10040558.Contig3.1	Basidiomycota	phylum
SRR10040558.Contig3.1	Agaricomycetes	class
SRR10040558.Contig3.1	Agaricales	order
SRR10040558.Contig3.1	Pluteaceae	family
SRR10040558.Contig3.1	Volvariella	genus
SRR10040558.Contig3.1	Volvariella volvacea	species
SRR10040552.Contig1.1	Eukaryota	superkingdom
SRR10040552.Contig1.1	Fungi	kingdom
SRR10040552.Contig1.1	Basidiomycota	phylum
SRR10040552.Contig1.1	Agaricomycetes	class
SRR10040552.Contig1.1	Agaricales	order
SRR10040552.Contig1.1	Pluteaceae	family
SRR10040552.Contig1.1	Volvariella	genus
SRR10040552.Contig1.1	Volvariella volvacea	species
SRR10040563.Contig8.1	Eukaryota	superkingdom
SRR10040563.Contig8.1	Fungi	kingdom
SRR10040563.Contig8.1	Basidiomycota	phylum
SRR10040563.Contig8.1	Agaricomycetes	class
SRR10040563.Contig8.1	Agaricales	order
SRR10040563.Contig8.1	Pluteaceae	family
SRR10040563.Contig8.1	Volvariella	genus
SRR10040563.Contig8.1	Volvariella volvacea	species
SRR8239998.Contig1.1	Eukaryota	superkingdom
SRR8239998.Contig1.1	Fungi	kingdom
SRR8239998.Contig1.1	Basidiomycota	phylum
SRR8239998.Contig1.1	Agaricomycetes	class
SRR8239998.Contig1.1	Polyporales	order
SRR8239998.Contig1.1	Meripilaceae	family
SRR8239998.Contig1.1	Meripilus	genus
SRR8239998.Contig1.1	Meripilus sumstinei	species
SRR19257105.Contig1.1	Eukaryota	superkingdom
SRR19257105.Contig1.1	Fungi	kingdom
SRR19257105.Contig1.1	Basidiomycota	phylum
SRR19257105.Contig1.1	Agaricomycetes	class
SRR19257105.Contig1.1	Polyporales	order
SRR19257105.Contig1.1	Polyporaceae	family
SRR19257105.Contig1.1	Ganoderma	genus
SRR19257105.Contig1.1	Ganoderma tsugae	species
SRR6310063.Contig2.1	Eukaryota	superkingdom
SRR6310063.Contig2.1	Fungi	kingdom
SRR6310063.Contig2.1	Basidiomycota	phylum
SRR6310063.Contig2.1	Agaricomycetes	class
SRR6310063.Contig2.1	Polyporales	order
SRR6310063.Contig2.1	Polyporaceae	family
SRR6310063.Contig2.1	Ganoderma	genus
SRR6310063.Contig2.1	Ganoderma lucidum	species
SRR13787236.Contig5.1	Eukaryota	superkingdom
SRR13787236.Contig5.1	Fungi	kingdom
SRR13787236.Contig5.1	Basidiomycota	phylum
SRR13787236.Contig5.1	Agaricomycetes	class
SRR13787236.Contig5.1	Polyporales	order
SRR13787236.Contig5.1	Polyporaceae	family
SRR13787236.Contig5.1	Ganoderma	genus
SRR13787236.Contig5.1	Ganoderma lucidum	species
SRR13787233.Contig3.1	Eukaryota	superkingdom
SRR13787233.Contig3.1	Fungi	kingdom
SRR13787233.Contig3.1	Basidiomycota	phylum
SRR13787233.Contig3.1	Agaricomycetes	class
SRR13787233.Contig3.1	Polyporales	order
SRR13787233.Contig3.1	Polyporaceae	family
SRR13787233.Contig3.1	Ganoderma	genus
SRR13787233.Contig3.1	Ganoderma lucidum	species
SRR6310063.Contig1.1	Eukaryota	superkingdom
SRR6310063.Contig1.1	Fungi	kingdom
SRR6310063.Contig1.1	Basidiomycota	phylum
SRR6310063.Contig1.1	Agaricomycetes	class
SRR6310063.Contig1.1	Polyporales	order
SRR6310063.Contig1.1	Polyporaceae	family
SRR6310063.Contig1.1	Ganoderma	genus
SRR6310063.Contig1.1	Ganoderma lucidum	species
SRR13787232.Contig6.1	Eukaryota	superkingdom
SRR13787232.Contig6.1	Fungi	kingdom
SRR13787232.Contig6.1	Basidiomycota	phylum
SRR13787232.Contig6.1	Agaricomycetes	class
SRR13787232.Contig6.1	Polyporales	order
SRR13787232.Contig6.1	Polyporaceae	family
SRR13787232.Contig6.1	Ganoderma	genus
SRR13787232.Contig6.1	Ganoderma lucidum	species
SRR19257112.Contig3.1	Eukaryota	superkingdom
SRR19257112.Contig3.1	Fungi	kingdom
SRR19257112.Contig3.1	Basidiomycota	phylum
SRR19257112.Contig3.1	Agaricomycetes	class
SRR19257112.Contig3.1	Polyporales	order
SRR19257112.Contig3.1	Polyporaceae	family
SRR19257112.Contig3.1	Ganoderma	genus
SRR19257112.Contig3.1	Ganoderma resinaceum	species
SRR19257105.Contig2.1	Eukaryota	superkingdom
SRR19257105.Contig2.1	Fungi	kingdom
SRR19257105.Contig2.1	Basidiomycota	phylum
SRR19257105.Contig2.1	Agaricomycetes	class
SRR19257105.Contig2.1	Polyporales	order
SRR19257105.Contig2.1	Polyporaceae	family
SRR19257105.Contig2.1	Ganoderma	genus
SRR19257105.Contig2.1	Ganoderma tsugae	species
SRR8060725.Contig1.1	Eukaryota	superkingdom
SRR8060725.Contig1.1	Fungi	kingdom
SRR8060725.Contig1.1	Basidiomycota	phylum
SRR8060725.Contig1.1	Agaricomycetes	class
SRR8060725.Contig1.1	Polyporales	order
SRR8060725.Contig1.1	Polyporaceae	family
SRR8060725.Contig1.1	Ganoderma	genus
SRR8060725.Contig1.1	Ganoderma lucidum	species
SRR18594311.Contig1.1	Eukaryota	superkingdom
SRR18594311.Contig1.1	Fungi	kingdom
SRR18594311.Contig1.1	Basidiomycota	phylum
SRR18594311.Contig1.1	Agaricomycetes	class
SRR18594311.Contig1.1	Polyporales	order
SRR18594311.Contig1.1	Polyporaceae	family
SRR18594311.Contig1.1	Ganoderma	genus
SRR18594311.Contig1.1	Ganoderma lucidum	species
SRR5576795.Contig1.1	Eukaryota	superkingdom
SRR5576795.Contig1.1	Fungi	kingdom
SRR5576795.Contig1.1	Basidiomycota	phylum
SRR5576795.Contig1.1	Agaricomycetes	class
SRR5576795.Contig1.1	Polyporales	order
SRR5576795.Contig1.1	Polyporaceae	family
SRR5576795.Contig1.1	Ganoderma	genus
SRR5576795.Contig1.1	Ganoderma lucidum	species
SRR15182910.Contig1.1	Eukaryota	superkingdom
SRR15182910.Contig1.1	Fungi	kingdom
SRR15182910.Contig1.1	Basidiomycota	phylum
SRR15182910.Contig1.1	Agaricomycetes	class
SRR15182910.Contig1.1	Polyporales	order
SRR15182910.Contig1.1	Polyporaceae	family
SRR15182910.Contig1.1	Coriolopsis	genus
SRR15182910.Contig1.1	Coriolopsis trogii	species
SRR15182905.Contig2.1	Eukaryota	superkingdom
SRR15182905.Contig2.1	Fungi	kingdom
SRR15182905.Contig2.1	Basidiomycota	phylum
SRR15182905.Contig2.1	Agaricomycetes	class
SRR15182905.Contig2.1	Polyporales	order
SRR15182905.Contig2.1	Polyporaceae	family
SRR15182905.Contig2.1	Coriolopsis	genus
SRR15182905.Contig2.1	Coriolopsis trogii	species
SRR15182873.Contig1.1	Eukaryota	superkingdom
SRR15182873.Contig1.1	Fungi	kingdom
SRR15182873.Contig1.1	Basidiomycota	phylum
SRR15182873.Contig1.1	Agaricomycetes	class
SRR15182873.Contig1.1	Polyporales	order
SRR15182873.Contig1.1	Polyporaceae	family
SRR15182873.Contig1.1	Coriolopsis	genus
SRR15182873.Contig1.1	Coriolopsis trogii	species
SRR19345756.Contig1.1	Eukaryota	superkingdom
SRR19345756.Contig1.1	Fungi	kingdom
SRR19345756.Contig1.1	Basidiomycota	phylum
SRR19345756.Contig1.1	Agaricomycetes	class
SRR19345756.Contig1.1	Russulales	order
SRR19345756.Contig1.1	Russulaceae	family
SRR19345756.Contig1.1	Lactarius	genus
SRR19345756.Contig1.1	Lactarius hatsudake	species
SRR19345760.Contig1.1	Eukaryota	superkingdom
SRR19345760.Contig1.1	Fungi	kingdom
SRR19345760.Contig1.1	Basidiomycota	phylum
SRR19345760.Contig1.1	Agaricomycetes	class
SRR19345760.Contig1.1	Russulales	order
SRR19345760.Contig1.1	Russulaceae	family
SRR19345760.Contig1.1	Lactarius	genus
SRR19345760.Contig1.1	Lactarius hatsudake	species
SRR16887726.Contig29.1	Eukaryota	superkingdom
SRR16887726.Contig29.1	Fungi	kingdom
SRR16887726.Contig29.1	Basidiomycota	phylum
SRR16887726.Contig29.1	Agaricomycetes	class
SRR16887726.Contig29.1	Boletales	order
SRR16887726.Contig29.1	Boletinellaceae	family
SRR16887726.Contig29.1	Phlebopus	genus
SRR16887726.Contig29.1	Phlebopus portentosus	species
SRR17286183.Contig1.1	Eukaryota	superkingdom
SRR17286183.Contig1.1	Fungi	kingdom
SRR17286183.Contig1.1	Ascomycota	phylum
SRR17286183.Contig1.1	Pezizomycetes	class
SRR17286183.Contig1.1	Pezizales	order
SRR17286183.Contig1.1	Morchellaceae	family
SRR17286183.Contig1.1	Morchella	genus
SRR17286183.Contig1.1	Morchella sextelata	species
SRR16887726.Contig18.1	Eukaryota	superkingdom
SRR16887726.Contig18.1	Fungi	kingdom
SRR16887726.Contig18.1	Basidiomycota	phylum
SRR16887726.Contig18.1	Agaricomycetes	class
SRR16887726.Contig18.1	Boletales	order
SRR16887726.Contig18.1	Boletinellaceae	family
SRR16887726.Contig18.1	Phlebopus	genus
SRR16887726.Contig18.1	Phlebopus portentosus	species
SRR10233034.Contig4.1	Eukaryota	superkingdom
SRR10233034.Contig4.1	Fungi	kingdom
SRR10233034.Contig4.1	Basidiomycota	phylum
SRR10233034.Contig4.1	Agaricomycetes	class
SRR10233034.Contig4.1	Agaricales	order
SRR10233034.Contig4.1	Amanitaceae	family
SRR10233034.Contig4.1	Amanita	genus
SRR10233034.Contig4.1	Amanita rubescens	species
SRR5491302.Contig2.1	Eukaryota	superkingdom
SRR5491302.Contig2.1	Fungi	kingdom
SRR5491302.Contig2.1	Basidiomycota	phylum
SRR5491302.Contig2.1	Agaricomycetes	class
SRR5491302.Contig2.1	Boletales	order
SRR5491302.Contig2.1	Suillaceae	family
SRR5491302.Contig2.1	Suillus	genus
SRR5491302.Contig2.1	Suillus weaverae	species
SRR8246575.Contig2.1	Eukaryota	superkingdom
SRR8246575.Contig2.1	Fungi	kingdom
SRR8246575.Contig2.1	Basidiomycota	phylum
SRR8246575.Contig2.1	Agaricomycetes	class
SRR8246575.Contig2.1	Boletales	order
SRR8246575.Contig2.1	Suillaceae	family
SRR8246575.Contig2.1	Suillus	genus
SRR8246575.Contig2.1	Suillus tomentosus	species
SRR14879709.Contig1.1	Eukaryota	superkingdom
SRR14879709.Contig1.1	Fungi	kingdom
SRR14879709.Contig1.1	Basidiomycota	phylum
SRR14879709.Contig1.1	Agaricomycetes	class
SRR14879709.Contig1.1	Polyporales	order
SRR14879709.Contig1.1	Taiwanofungaceae	family
SRR14879709.Contig1.1	Taiwanofungus	genus
SRR14879709.Contig1.1	Taiwanofungus camphoratus	species
SRR2087133.Contig3.1	Eukaryota	superkingdom
SRR2087133.Contig3.1	Fungi	kingdom
SRR2087133.Contig3.1	Basidiomycota	phylum
SRR2087133.Contig3.1	Agaricomycetes	class
SRR2087133.Contig3.1	Polyporales	order
SRR2087133.Contig3.1	Taiwanofungaceae	family
SRR2087133.Contig3.1	Taiwanofungus	genus
SRR2087133.Contig3.1	Taiwanofungus camphoratus	species
SRR8529734.Contig1.1	Eukaryota	superkingdom
SRR8529734.Contig1.1	Fungi	kingdom
SRR8529734.Contig1.1	Basidiomycota	phylum
SRR8529734.Contig1.1	Agaricomycetes	class
SRR8529734.Contig1.1	Boletales	order
SRR8529734.Contig1.1	Boletaceae	family
SRR8529734.Contig1.1	Boletus	genus
SRR8529734.Contig1.1	Boletus edulis	species
SRR5487665.Contig1.1	Eukaryota	superkingdom
SRR5487665.Contig1.1	Fungi	kingdom
SRR5487665.Contig1.1	Basidiomycota	phylum
SRR5487665.Contig1.1	Agaricomycetes	class
SRR5487665.Contig1.1	Boletales	order
SRR5487665.Contig1.1	Paxillaceae	family
SRR5487665.Contig1.1	Paxillus	genus
SRR5487665.Contig1.1	Paxillus ammoniavirescens	species
SRR8695864.Contig1.1	Eukaryota	superkingdom
SRR8695864.Contig1.1	Fungi	kingdom
SRR8695864.Contig1.1	Basidiomycota	phylum
SRR8695864.Contig1.1	Agaricomycetes	class
SRR8695864.Contig1.1	Agaricales	order
SRR8695864.Contig1.1	Marasmiaceae	family
SRR8695864.Contig1.1	Marasmius	genus
SRR8695864.Contig1.1	Marasmius oreades	species
SRR896210.Contig1.1	Eukaryota	superkingdom
SRR896210.Contig1.1	Fungi	kingdom
SRR896210.Contig1.1	Basidiomycota	phylum
SRR896210.Contig1.1	Agaricomycetes	class
SRR896210.Contig1.1	Polyporales	order
SRR896210.Contig1.1	Laetiporaceae	family
SRR896210.Contig1.1	Laetiporus	genus
SRR896210.Contig1.1	Laetiporus sulphureus	species
SRR2087138.Contig1.1	Eukaryota	superkingdom
SRR2087138.Contig1.1	Fungi	kingdom
SRR2087138.Contig1.1	Basidiomycota	phylum
SRR2087138.Contig1.1	Agaricomycetes	class
SRR2087138.Contig1.1	Polyporales	order
SRR2087138.Contig1.1	Taiwanofungaceae	family
SRR2087138.Contig1.1	Taiwanofungus	genus
SRR2087138.Contig1.1	Taiwanofungus camphoratus	species
SRR2087135.Contig7.1	Eukaryota	superkingdom
SRR2087135.Contig7.1	Fungi	kingdom
SRR2087135.Contig7.1	Basidiomycota	phylum
SRR2087135.Contig7.1	Agaricomycetes	class
SRR2087135.Contig7.1	Polyporales	order
SRR2087135.Contig7.1	Taiwanofungaceae	family
SRR2087135.Contig7.1	Taiwanofungus	genus
SRR2087135.Contig7.1	Taiwanofungus camphoratus	species
SRR2086494.Contig3.1	Eukaryota	superkingdom
SRR2086494.Contig3.1	Fungi	kingdom
SRR2086494.Contig3.1	Basidiomycota	phylum
SRR2086494.Contig3.1	Agaricomycetes	class
SRR2086494.Contig3.1	Polyporales	order
SRR2086494.Contig3.1	Taiwanofungaceae	family
SRR2086494.Contig3.1	Taiwanofungus	genus
SRR2086494.Contig3.1	Taiwanofungus camphoratus	species
SRR086220.Contig2.1	Eukaryota	superkingdom
SRR086220.Contig2.1	Fungi	kingdom
SRR086220.Contig2.1	Basidiomycota	phylum
SRR086220.Contig2.1	Agaricomycetes	class
SRR086220.Contig2.1	Polyporales	order
SRR086220.Contig2.1	Phanerochaetaceae	family
SRR086220.Contig2.1	Phanerochaete	genus
SRR086220.Contig2.1	Phanerochaete carnosa	species
SRR16633911.Contig2.1	Eukaryota	superkingdom
SRR16633911.Contig2.1	Fungi	kingdom
SRR16633911.Contig2.1	Basidiomycota	phylum
SRR16633911.Contig2.1	Tremellomycetes	class
SRR16633911.Contig2.1	Tremellales	order
SRR16633911.Contig2.1	Naemateliaceae	family
SRR16633911.Contig2.1	Naematelia	genus
SRR16633911.Contig2.1	Naematelia aurantialba	species
SRR8246575.Contig12.1	Eukaryota	superkingdom
SRR8246575.Contig12.1	Fungi	kingdom
SRR8246575.Contig12.1	Basidiomycota	phylum
SRR8246575.Contig12.1	Agaricomycetes	class
SRR8246575.Contig12.1	Boletales	order
SRR8246575.Contig12.1	Suillaceae	family
SRR8246575.Contig12.1	Suillus	genus
SRR8246575.Contig12.1	Suillus tomentosus	species
SRR8275386.Contig5.1	Eukaryota	superkingdom
SRR8275386.Contig5.1	Fungi	kingdom
SRR8275386.Contig5.1	Basidiomycota	phylum
SRR8275386.Contig5.1	Agaricomycetes	class
SRR8275386.Contig5.1	Boletales	order
SRR8275386.Contig5.1	Suillaceae	family
SRR8275386.Contig5.1	Suillus	genus
SRR8275386.Contig5.1	Suillus lakei	species
SRR11668261.Contig1.1	Eukaryota	superkingdom
SRR11668261.Contig1.1	Fungi	kingdom
SRR11668261.Contig1.1	Basidiomycota	phylum
SRR11668261.Contig1.1	Agaricomycetes	class
SRR11668261.Contig1.1	Boletales	order
SRR11668261.Contig1.1	Suillaceae	family
SRR11668261.Contig1.1	Suillus	genus
SRR11668261.Contig1.1	Suillus plorans	species
SRR15001036.Contig12.1	Eukaryota	superkingdom
SRR15001036.Contig12.1	Fungi	kingdom
SRR15001036.Contig12.1	Basidiomycota	phylum
SRR15001036.Contig12.1	Agaricomycetes	class
SRR15001036.Contig12.1	Polyporales	order
SRR15001036.Contig12.1	Polyporaceae	family
SRR15001036.Contig12.1	Trametes	genus
SRR15001036.Contig12.1	Trametes gibbosa	species
SRR10492774.Contig1.1	Eukaryota	superkingdom
SRR10492774.Contig1.1	Fungi	kingdom
SRR10492774.Contig1.1	Basidiomycota	phylum
SRR10492774.Contig1.1	Agaricomycetes	class
SRR10492774.Contig1.1	Agaricales	order
SRR10492774.Contig1.1	Omphalotaceae	family
SRR10492774.Contig1.1	Lentinula	genus
SRR10492774.Contig1.1	Lentinula edodes	species
SRR11947725.Contig5.1	Eukaryota	superkingdom
SRR11947725.Contig5.1	Fungi	kingdom
SRR11947725.Contig5.1	Basidiomycota	phylum
SRR11947725.Contig5.1	Agaricomycetes	class
SRR11947725.Contig5.1	Agaricales	order
SRR11947725.Contig5.1	Omphalotaceae	family
SRR11947725.Contig5.1	Lentinula	genus
SRR11947725.Contig5.1	Lentinula edodes	species
SRR21185700.Contig1.1	Eukaryota	superkingdom
SRR21185700.Contig1.1	Fungi	kingdom
SRR21185700.Contig1.1	Basidiomycota	phylum
SRR21185700.Contig1.1	Agaricomycetes	class
SRR21185700.Contig1.1	Agaricales	order
SRR21185700.Contig1.1	Omphalotaceae	family
SRR21185700.Contig1.1	Lentinula	genus
SRR21185700.Contig1.1	Lentinula lateritia	species
SRR7439932.Contig1.1	Eukaryota	superkingdom
SRR7439932.Contig1.1	Fungi	kingdom
SRR7439932.Contig1.1	Basidiomycota	phylum
SRR7439932.Contig1.1	Agaricomycetes	class
SRR7439932.Contig1.1	Agaricales	order
SRR7439932.Contig1.1	Omphalotaceae	family
SRR7439932.Contig1.1	Lentinula	genus
SRR7439932.Contig1.1	Lentinula edodes	species
SRR9652126.Contig1.1	Eukaryota	superkingdom
SRR9652126.Contig1.1	Fungi	kingdom
SRR9652126.Contig1.1	Basidiomycota	phylum
SRR9652126.Contig1.1	Agaricomycetes	class
SRR9652126.Contig1.1	Agaricales	order
SRR9652126.Contig1.1	Pleurotaceae	family
SRR9652126.Contig1.1	Pleurotus	genus
SRR9652126.Contig1.1	Pleurotus eryngii	species
SRR13060571.Contig2.1	Eukaryota	superkingdom
SRR13060571.Contig2.1	Fungi	kingdom
SRR13060571.Contig2.1	Basidiomycota	phylum
SRR13060571.Contig2.1	Agaricomycetes	class
SRR13060571.Contig2.1	Agaricales	order
SRR13060571.Contig2.1	Clitocybaceae	family
SRR13060571.Contig2.1	Leucocalocybe	genus
SRR13060571.Contig2.1	Leucocalocybe mongolica	species
SRR9937816.Contig3.1	Eukaryota	superkingdom
SRR9937816.Contig3.1	Fungi	kingdom
SRR9937816.Contig3.1	Basidiomycota	phylum
SRR9937816.Contig3.1	Agaricomycetes	class
SRR9937816.Contig3.1	Agaricales	order
SRR9937816.Contig3.1	Amanitaceae	family
SRR9937816.Contig3.1	Amanita	genus
SRR9937816.Contig3.1	Amanita oberwinklerana	species
SRR16633910.Contig1.1	Eukaryota	superkingdom
SRR16633910.Contig1.1	Fungi	kingdom
SRR16633910.Contig1.1	Basidiomycota	phylum
SRR16633910.Contig1.1	Tremellomycetes	class
SRR16633910.Contig1.1	Tremellales	order
SRR16633910.Contig1.1	Naemateliaceae	family
SRR16633910.Contig1.1	Naematelia	genus
SRR16633910.Contig1.1	Naematelia aurantialba	species
SRR7003641.Contig1.1	Eukaryota	superkingdom
SRR7003641.Contig1.1	Fungi	kingdom
SRR7003641.Contig1.1	Basidiomycota	phylum
SRR7003641.Contig1.1	Agaricomycetes	class
SRR7003641.Contig1.1	Agaricales	order
SRR7003641.Contig1.1	Pleurotaceae	family
SRR7003641.Contig1.1	Pleurotus	genus
SRR7003641.Contig1.1	Pleurotus tuoliensis	species
SRR2517426.Contig1.1	Eukaryota	superkingdom
SRR2517426.Contig1.1	Fungi	kingdom
SRR2517426.Contig1.1	Ascomycota	phylum
SRR2517426.Contig1.1	Leotiomycetes	class
SRR2517426.Contig1.1	Erysiphales	order
SRR2517426.Contig1.1	Erysiphaceae	family
SRR2517426.Contig1.1	Blumeria	genus
SRR2517426.Contig1.1	Blumeria graminis	species
SRR15383660.Contig1.1	Eukaryota	superkingdom
SRR15383660.Contig1.1	Fungi	kingdom
SRR15383660.Contig1.1	Ascomycota	phylum
SRR15383660.Contig1.1	Sordariomycetes	class
SRR15383660.Contig1.1	Diaporthales	order
SRR15383660.Contig1.1	Diaporthaceae	family
SRR15383660.Contig1.1	Diaporthe	genus
SRR15383660.Contig1.1	Diaporthe helianthi	species
SRR9644510.Contig2.1	Eukaryota	superkingdom
SRR9644510.Contig2.1	Fungi	kingdom
SRR9644510.Contig2.1	Basidiomycota	phylum
SRR9644510.Contig2.1	Agaricomycetes	class
SRR9644510.Contig2.1	Polyporales	order
SRR9644510.Contig2.1	Phaeolaceae	family
SRR9644510.Contig2.1	Wolfiporia	genus
SRR9644510.Contig2.1	Wolfiporia cocos	species
SRR8924627.Contig5.1	Eukaryota	superkingdom
SRR8924627.Contig5.1	Fungi	kingdom
SRR8924627.Contig5.1	Basidiomycota	phylum
SRR8924627.Contig5.1	Agaricomycetes	class
SRR8924627.Contig5.1	Polyporales	order
SRR8924627.Contig5.1	Sparassidaceae	family
SRR8924627.Contig5.1	Sparassis	genus
SRR8924627.Contig5.1	Sparassis latifolia	species
SRR8924623.Contig10.1	Eukaryota	superkingdom
SRR8924623.Contig10.1	Fungi	kingdom
SRR8924623.Contig10.1	Basidiomycota	phylum
SRR8924623.Contig10.1	Agaricomycetes	class
SRR8924623.Contig10.1	Polyporales	order
SRR8924623.Contig10.1	Sparassidaceae	family
SRR8924623.Contig10.1	Sparassis	genus
SRR8924623.Contig10.1	Sparassis latifolia	species
SRR8924625.Contig4.1	Eukaryota	superkingdom
SRR8924625.Contig4.1	Fungi	kingdom
SRR8924625.Contig4.1	Basidiomycota	phylum
SRR8924625.Contig4.1	Agaricomycetes	class
SRR8924625.Contig4.1	Polyporales	order
SRR8924625.Contig4.1	Sparassidaceae	family
SRR8924625.Contig4.1	Sparassis	genus
SRR8924625.Contig4.1	Sparassis latifolia	species
SRR3318775.Contig6.1	Eukaryota	superkingdom
SRR3318775.Contig6.1	Fungi	kingdom
SRR3318775.Contig6.1	Basidiomycota	phylum
SRR3318775.Contig6.1	Agaricomycetes	class
SRR3318775.Contig6.1	Polyporales	order
SRR3318775.Contig6.1	Sparassidaceae	family
SRR3318775.Contig6.1	Sparassis	genus
SRR3318775.Contig6.1	Sparassis latifolia	species
SRR8924626.Contig3.1	Eukaryota	superkingdom
SRR8924626.Contig3.1	Fungi	kingdom
SRR8924626.Contig3.1	Basidiomycota	phylum
SRR8924626.Contig3.1	Agaricomycetes	class
SRR8924626.Contig3.1	Polyporales	order
SRR8924626.Contig3.1	Sparassidaceae	family
SRR8924626.Contig3.1	Sparassis	genus
SRR8924626.Contig3.1	Sparassis latifolia	species
SRR8924625.Contig3.1	Eukaryota	superkingdom
SRR8924625.Contig3.1	Fungi	kingdom
SRR8924625.Contig3.1	Basidiomycota	phylum
SRR8924625.Contig3.1	Agaricomycetes	class
SRR8924625.Contig3.1	Polyporales	order
SRR8924625.Contig3.1	Sparassidaceae	family
SRR8924625.Contig3.1	Sparassis	genus
SRR8924625.Contig3.1	Sparassis latifolia	species
SRR8924624.Contig4.1	Eukaryota	superkingdom
SRR8924624.Contig4.1	Fungi	kingdom
SRR8924624.Contig4.1	Basidiomycota	phylum
SRR8924624.Contig4.1	Agaricomycetes	class
SRR8924624.Contig4.1	Polyporales	order
SRR8924624.Contig4.1	Sparassidaceae	family
SRR8924624.Contig4.1	Sparassis	genus
SRR8924624.Contig4.1	Sparassis latifolia	species
SRR8924629.Contig3.1	Eukaryota	superkingdom
SRR8924629.Contig3.1	Fungi	kingdom
SRR8924629.Contig3.1	Basidiomycota	phylum
SRR8924629.Contig3.1	Agaricomycetes	class
SRR8924629.Contig3.1	Polyporales	order
SRR8924629.Contig3.1	Sparassidaceae	family
SRR8924629.Contig3.1	Sparassis	genus
SRR8924629.Contig3.1	Sparassis latifolia	species
SRR8924626.Contig1.1	Eukaryota	superkingdom
SRR8924626.Contig1.1	Fungi	kingdom
SRR8924626.Contig1.1	Basidiomycota	phylum
SRR8924626.Contig1.1	Agaricomycetes	class
SRR8924626.Contig1.1	Polyporales	order
SRR8924626.Contig1.1	Sparassidaceae	family
SRR8924626.Contig1.1	Sparassis	genus
SRR8924626.Contig1.1	Sparassis latifolia	species
SRR8924624.Contig3.1	Eukaryota	superkingdom
SRR8924624.Contig3.1	Fungi	kingdom
SRR8924624.Contig3.1	Basidiomycota	phylum
SRR8924624.Contig3.1	Agaricomycetes	class
SRR8924624.Contig3.1	Polyporales	order
SRR8924624.Contig3.1	Sparassidaceae	family
SRR8924624.Contig3.1	Sparassis	genus
SRR8924624.Contig3.1	Sparassis latifolia	species
SRR8924627.Contig1.1	Eukaryota	superkingdom
SRR8924627.Contig1.1	Fungi	kingdom
SRR8924627.Contig1.1	Basidiomycota	phylum
SRR8924627.Contig1.1	Agaricomycetes	class
SRR8924627.Contig1.1	Polyporales	order
SRR8924627.Contig1.1	Sparassidaceae	family
SRR8924627.Contig1.1	Sparassis	genus
SRR8924627.Contig1.1	Sparassis latifolia	species
SRR3318775.Contig2.1	Eukaryota	superkingdom
SRR3318775.Contig2.1	Fungi	kingdom
SRR3318775.Contig2.1	Basidiomycota	phylum
SRR3318775.Contig2.1	Agaricomycetes	class
SRR3318775.Contig2.1	Polyporales	order
SRR3318775.Contig2.1	Sparassidaceae	family
SRR3318775.Contig2.1	Sparassis	genus
SRR3318775.Contig2.1	Sparassis latifolia	species
SRR8924628.Contig3.1_2	Eukaryota	superkingdom
SRR8924628.Contig3.1_2	Fungi	kingdom
SRR8924628.Contig3.1_2	Basidiomycota	phylum
SRR8924628.Contig3.1_2	Agaricomycetes	class
SRR8924628.Contig3.1_2	Polyporales	order
SRR8924628.Contig3.1_2	Sparassidaceae	family
SRR8924628.Contig3.1_2	Sparassis	genus
SRR8924628.Contig3.1_2	Sparassis latifolia	species
SRR16887726.Contig14.1	Eukaryota	superkingdom
SRR16887726.Contig14.1	Fungi	kingdom
SRR16887726.Contig14.1	Basidiomycota	phylum
SRR16887726.Contig14.1	Agaricomycetes	class
SRR16887726.Contig14.1	Boletales	order
SRR16887726.Contig14.1	Boletinellaceae	family
SRR16887726.Contig14.1	Phlebopus	genus
SRR16887726.Contig14.1	Phlebopus portentosus	species
SRR16887726.Contig50.1	Eukaryota	superkingdom
SRR16887726.Contig50.1	Fungi	kingdom
SRR16887726.Contig50.1	Basidiomycota	phylum
SRR16887726.Contig50.1	Agaricomycetes	class
SRR16887726.Contig50.1	Boletales	order
SRR16887726.Contig50.1	Boletinellaceae	family
SRR16887726.Contig50.1	Phlebopus	genus
SRR16887726.Contig50.1	Phlebopus portentosus	species
SRR16887728.Contig76.1	Eukaryota	superkingdom
SRR16887728.Contig76.1	Fungi	kingdom
SRR16887728.Contig76.1	Basidiomycota	phylum
SRR16887728.Contig76.1	Agaricomycetes	class
SRR16887728.Contig76.1	Boletales	order
SRR16887728.Contig76.1	Boletinellaceae	family
SRR16887728.Contig76.1	Phlebopus	genus
SRR16887728.Contig76.1	Phlebopus portentosus	species
SRR16887720.Contig1.1	Eukaryota	superkingdom
SRR16887720.Contig1.1	Fungi	kingdom
SRR16887720.Contig1.1	Basidiomycota	phylum
SRR16887720.Contig1.1	Agaricomycetes	class
SRR16887720.Contig1.1	Boletales	order
SRR16887720.Contig1.1	Boletinellaceae	family
SRR16887720.Contig1.1	Phlebopus	genus
SRR16887720.Contig1.1	Phlebopus portentosus	species
SRR16887728.Contig3.1	Eukaryota	superkingdom
SRR16887728.Contig3.1	Fungi	kingdom
SRR16887728.Contig3.1	Basidiomycota	phylum
SRR16887728.Contig3.1	Agaricomycetes	class
SRR16887728.Contig3.1	Boletales	order
SRR16887728.Contig3.1	Boletinellaceae	family
SRR16887728.Contig3.1	Phlebopus	genus
SRR16887728.Contig3.1	Phlebopus portentosus	species
SRR16887727.Contig25.1	Eukaryota	superkingdom
SRR16887727.Contig25.1	Fungi	kingdom
SRR16887727.Contig25.1	Basidiomycota	phylum
SRR16887727.Contig25.1	Agaricomycetes	class
SRR16887727.Contig25.1	Boletales	order
SRR16887727.Contig25.1	Boletinellaceae	family
SRR16887727.Contig25.1	Phlebopus	genus
SRR16887727.Contig25.1	Phlebopus portentosus	species
SRR16887728.Contig69.1	Eukaryota	superkingdom
SRR16887728.Contig69.1	Fungi	kingdom
SRR16887728.Contig69.1	Basidiomycota	phylum
SRR16887728.Contig69.1	Agaricomycetes	class
SRR16887728.Contig69.1	Boletales	order
SRR16887728.Contig69.1	Boletinellaceae	family
SRR16887728.Contig69.1	Phlebopus	genus
SRR16887728.Contig69.1	Phlebopus portentosus	species
SRR16887726.Contig44.1	Eukaryota	superkingdom
SRR16887726.Contig44.1	Fungi	kingdom
SRR16887726.Contig44.1	Basidiomycota	phylum
SRR16887726.Contig44.1	Agaricomycetes	class
SRR16887726.Contig44.1	Boletales	order
SRR16887726.Contig44.1	Boletinellaceae	family
SRR16887726.Contig44.1	Phlebopus	genus
SRR16887726.Contig44.1	Phlebopus portentosus	species
SRR16887728.Contig1.1	Eukaryota	superkingdom
SRR16887728.Contig1.1	Fungi	kingdom
SRR16887728.Contig1.1	Basidiomycota	phylum
SRR16887728.Contig1.1	Agaricomycetes	class
SRR16887728.Contig1.1	Boletales	order
SRR16887728.Contig1.1	Boletinellaceae	family
SRR16887728.Contig1.1	Phlebopus	genus
SRR16887728.Contig1.1	Phlebopus portentosus	species
SRR16887727.Contig21.1	Eukaryota	superkingdom
SRR16887727.Contig21.1	Fungi	kingdom
SRR16887727.Contig21.1	Basidiomycota	phylum
SRR16887727.Contig21.1	Agaricomycetes	class
SRR16887727.Contig21.1	Boletales	order
SRR16887727.Contig21.1	Boletinellaceae	family
SRR16887727.Contig21.1	Phlebopus	genus
SRR16887727.Contig21.1	Phlebopus portentosus	species
SRR16887728.Contig37.1	Eukaryota	superkingdom
SRR16887728.Contig37.1	Fungi	kingdom
SRR16887728.Contig37.1	Basidiomycota	phylum
SRR16887728.Contig37.1	Agaricomycetes	class
SRR16887728.Contig37.1	Boletales	order
SRR16887728.Contig37.1	Boletinellaceae	family
SRR16887728.Contig37.1	Phlebopus	genus
SRR16887728.Contig37.1	Phlebopus portentosus	species
SRR16887726.Contig70.1	Eukaryota	superkingdom
SRR16887726.Contig70.1	Fungi	kingdom
SRR16887726.Contig70.1	Basidiomycota	phylum
SRR16887726.Contig70.1	Agaricomycetes	class
SRR16887726.Contig70.1	Boletales	order
SRR16887726.Contig70.1	Boletinellaceae	family
SRR16887726.Contig70.1	Phlebopus	genus
SRR16887726.Contig70.1	Phlebopus portentosus	species
SRR12351475.Contig1.1	Eukaryota	superkingdom
SRR12351475.Contig1.1	Fungi	kingdom
SRR12351475.Contig1.1	Basidiomycota	phylum
SRR12351475.Contig1.1	Agaricomycetes	class
SRR12351475.Contig1.1	Boletales	order
SRR12351475.Contig1.1	Pisolithaceae	family
SRR12351475.Contig1.1	Pisolithus	genus
SRR12351475.Contig1.1	Pisolithus microcarpus	species
SRR16887726.Contig48.1	Eukaryota	superkingdom
SRR16887726.Contig48.1	Fungi	kingdom
SRR16887726.Contig48.1	Basidiomycota	phylum
SRR16887726.Contig48.1	Agaricomycetes	class
SRR16887726.Contig48.1	Boletales	order
SRR16887726.Contig48.1	Boletinellaceae	family
SRR16887726.Contig48.1	Phlebopus	genus
SRR16887726.Contig48.1	Phlebopus portentosus	species
SRR16887726.Contig28.1	Eukaryota	superkingdom
SRR16887726.Contig28.1	Fungi	kingdom
SRR16887726.Contig28.1	Basidiomycota	phylum
SRR16887726.Contig28.1	Agaricomycetes	class
SRR16887726.Contig28.1	Boletales	order
SRR16887726.Contig28.1	Boletinellaceae	family
SRR16887726.Contig28.1	Phlebopus	genus
SRR16887726.Contig28.1	Phlebopus portentosus	species
SRR16887727.Contig39.1	Eukaryota	superkingdom
SRR16887727.Contig39.1	Fungi	kingdom
SRR16887727.Contig39.1	Basidiomycota	phylum
SRR16887727.Contig39.1	Agaricomycetes	class
SRR16887727.Contig39.1	Boletales	order
SRR16887727.Contig39.1	Boletinellaceae	family
SRR16887727.Contig39.1	Phlebopus	genus
SRR16887727.Contig39.1	Phlebopus portentosus	species
SRR8439242.Contig1.1	Eukaryota	superkingdom
SRR8439242.Contig1.1	Fungi	kingdom
SRR8439242.Contig1.1	Basidiomycota	phylum
SRR8439242.Contig1.1	Agaricomycetes	class
SRR8439242.Contig1.1	Boletales	order
SRR8439242.Contig1.1	Suillaceae	family
SRR8439242.Contig1.1	Suillus	genus
SRR8439242.Contig1.1	Suillus paluster	species
SRR16633912.Contig5.1	Eukaryota	superkingdom
SRR16633912.Contig5.1	Fungi	kingdom
SRR16633912.Contig5.1	Basidiomycota	phylum
SRR16633912.Contig5.1	Tremellomycetes	class
SRR16633912.Contig5.1	Tremellales	order
SRR16633912.Contig5.1	Naemateliaceae	family
SRR16633912.Contig5.1	Naematelia	genus
SRR16633912.Contig5.1	Naematelia aurantialba	species
SRR16633911.Contig4.1	Eukaryota	superkingdom
SRR16633911.Contig4.1	Fungi	kingdom
SRR16633911.Contig4.1	Basidiomycota	phylum
SRR16633911.Contig4.1	Tremellomycetes	class
SRR16633911.Contig4.1	Tremellales	order
SRR16633911.Contig4.1	Naemateliaceae	family
SRR16633911.Contig4.1	Naematelia	genus
SRR16633911.Contig4.1	Naematelia aurantialba	species
SRR10230894.Contig1.1	Eukaryota	superkingdom
SRR10230894.Contig1.1	Fungi	kingdom
SRR10230894.Contig1.1	Basidiomycota	phylum
SRR10230894.Contig1.1	Agaricomycetes	class
SRR10230894.Contig1.1	Agaricales	order
SRR10230894.Contig1.1	Typhulaceae	family
SRR10230894.Contig1.1	Typhula	genus
SRR10230894.Contig1.1	Typhula sp. TRa3160C	species
SRR13094911.Contig6.1	Eukaryota	superkingdom
SRR13094911.Contig6.1	Fungi	kingdom
SRR13094911.Contig6.1	Basidiomycota	phylum
SRR13094911.Contig6.1	Agaricomycetes	class
SRR13094911.Contig6.1	Cantharellales	order
SRR13094911.Contig6.1	Ceratobasidiaceae	family
SRR13094911.Contig6.1	Rhizoctonia	genus
SRR13094911.Contig6.1	Rhizoctonia solani	species
SRR13094916.Contig2.1	Eukaryota	superkingdom
SRR13094916.Contig2.1	Fungi	kingdom
SRR13094916.Contig2.1	Basidiomycota	phylum
SRR13094916.Contig2.1	Agaricomycetes	class
SRR13094916.Contig2.1	Cantharellales	order
SRR13094916.Contig2.1	Ceratobasidiaceae	family
SRR13094916.Contig2.1	Rhizoctonia	genus
SRR13094916.Contig2.1	Rhizoctonia solani	species
SRR13094911.Contig3.1	Eukaryota	superkingdom
SRR13094911.Contig3.1	Fungi	kingdom
SRR13094911.Contig3.1	Basidiomycota	phylum
SRR13094911.Contig3.1	Agaricomycetes	class
SRR13094911.Contig3.1	Cantharellales	order
SRR13094911.Contig3.1	Ceratobasidiaceae	family
SRR13094911.Contig3.1	Rhizoctonia	genus
SRR13094911.Contig3.1	Rhizoctonia solani	species
SRR13094916.Contig3.1	Eukaryota	superkingdom
SRR13094916.Contig3.1	Fungi	kingdom
SRR13094916.Contig3.1	Basidiomycota	phylum
SRR13094916.Contig3.1	Agaricomycetes	class
SRR13094916.Contig3.1	Cantharellales	order
SRR13094916.Contig3.1	Ceratobasidiaceae	family
SRR13094916.Contig3.1	Rhizoctonia	genus
SRR13094916.Contig3.1	Rhizoctonia solani	species
SRR13094913.Contig4.1	Eukaryota	superkingdom
SRR13094913.Contig4.1	Fungi	kingdom
SRR13094913.Contig4.1	Basidiomycota	phylum
SRR13094913.Contig4.1	Agaricomycetes	class
SRR13094913.Contig4.1	Cantharellales	order
SRR13094913.Contig4.1	Ceratobasidiaceae	family
SRR13094913.Contig4.1	Rhizoctonia	genus
SRR13094913.Contig4.1	Rhizoctonia solani	species
SRR13094914.Contig2.1	Eukaryota	superkingdom
SRR13094914.Contig2.1	Fungi	kingdom
SRR13094914.Contig2.1	Basidiomycota	phylum
SRR13094914.Contig2.1	Agaricomycetes	class
SRR13094914.Contig2.1	Cantharellales	order
SRR13094914.Contig2.1	Ceratobasidiaceae	family
SRR13094914.Contig2.1	Rhizoctonia	genus
SRR13094914.Contig2.1	Rhizoctonia solani	species
SRR13094911.Contig7.1	Eukaryota	superkingdom
SRR13094911.Contig7.1	Fungi	kingdom
SRR13094911.Contig7.1	Basidiomycota	phylum
SRR13094911.Contig7.1	Agaricomycetes	class
SRR13094911.Contig7.1	Cantharellales	order
SRR13094911.Contig7.1	Ceratobasidiaceae	family
SRR13094911.Contig7.1	Rhizoctonia	genus
SRR13094911.Contig7.1	Rhizoctonia solani	species
SRR5891392.Contig2.1	Eukaryota	superkingdom
SRR5891392.Contig2.1	Fungi	kingdom
SRR5891392.Contig2.1	Basidiomycota	phylum
SRR5891392.Contig2.1	Agaricomycetes	class
SRR5891392.Contig2.1	Agaricales	order
SRR5891392.Contig2.1	Omphalotaceae	family
SRR5891392.Contig2.1	Lentinula	genus
SRR5891392.Contig2.1	Lentinula edodes	species
SRR8526190.Contig2.1	Eukaryota	superkingdom
SRR8526190.Contig2.1	Fungi	kingdom
SRR8526190.Contig2.1	Basidiomycota	phylum
SRR8526190.Contig2.1	Agaricomycetes	class
SRR8526190.Contig2.1	Thelephorales	order
SRR8526190.Contig2.1	Thelephoraceae	family
SRR8526190.Contig2.1	Thelephora	genus
SRR8526190.Contig2.1	Thelephora terrestris	species
SRR8246575.Contig8.1	Eukaryota	superkingdom
SRR8246575.Contig8.1	Fungi	kingdom
SRR8246575.Contig8.1	Basidiomycota	phylum
SRR8246575.Contig8.1	Agaricomycetes	class
SRR8246575.Contig8.1	Boletales	order
SRR8246575.Contig8.1	Suillaceae	family
SRR8246575.Contig8.1	Suillus	genus
SRR8246575.Contig8.1	Suillus tomentosus	species
SRR9929233.Contig4.1	Eukaryota	superkingdom
SRR9929233.Contig4.1	Fungi	kingdom
SRR9929233.Contig4.1	Basidiomycota	phylum
SRR9929233.Contig4.1	Agaricomycetes	class
SRR9929233.Contig4.1	Agaricales	order
SRR9929233.Contig4.1	Amanitaceae	family
SRR9929233.Contig4.1	Amanita	genus
SRR9929233.Contig4.1	Amanita exitialis	species
SRR6942714.Contig1.1	Eukaryota	superkingdom
SRR6942714.Contig1.1	Fungi	kingdom
SRR6942714.Contig1.1	Basidiomycota	phylum
SRR6942714.Contig1.1	Agaricomycetes	class
SRR6942714.Contig1.1	Agaricales	order
SRR6942714.Contig1.1	Omphalotaceae	family
SRR6942714.Contig1.1	Lentinula	genus
SRR6942714.Contig1.1	Lentinula raphanica	species
SRR7790773.Contig1.1	Eukaryota	superkingdom
SRR7790773.Contig1.1	Fungi	kingdom
SRR7790773.Contig1.1	Basidiomycota	phylum
SRR7790773.Contig1.1	Agaricomycetes	class
SRR7790773.Contig1.1	Polyporales	order
SRR7790773.Contig1.1	Polyporaceae	family
SRR7790773.Contig1.1	Earliella	genus
SRR7790773.Contig1.1	Earliella scabrosa	species
SRR8526190.Contig1.1	Eukaryota	superkingdom
SRR8526190.Contig1.1	Fungi	kingdom
SRR8526190.Contig1.1	Basidiomycota	phylum
SRR8526190.Contig1.1	Agaricomycetes	class
SRR8526190.Contig1.1	Thelephorales	order
SRR8526190.Contig1.1	Thelephoraceae	family
SRR8526190.Contig1.1	Thelephora	genus
SRR8526190.Contig1.1	Thelephora terrestris	species
SRR18270014.Contig1.1	Eukaryota	superkingdom
SRR18270014.Contig1.1	Fungi	kingdom
SRR18270014.Contig1.1	Basidiomycota	phylum
SRR18270014.Contig1.1	Agaricomycetes	class
SRR18270014.Contig1.1	Agaricales	order
SRR18270014.Contig1.1	Omphalotaceae	family
SRR18270014.Contig1.1	Lentinula	genus
SRR18270014.Contig1.1	Lentinula edodes	species
SRR16887728.Contig10.1	Eukaryota	superkingdom
SRR16887728.Contig10.1	Fungi	kingdom
SRR16887728.Contig10.1	Basidiomycota	phylum
SRR16887728.Contig10.1	Agaricomycetes	class
SRR16887728.Contig10.1	Boletales	order
SRR16887728.Contig10.1	Boletinellaceae	family
SRR16887728.Contig10.1	Phlebopus	genus
SRR16887728.Contig10.1	Phlebopus portentosus	species
SRR16887726.Contig22.1	Eukaryota	superkingdom
SRR16887726.Contig22.1	Fungi	kingdom
SRR16887726.Contig22.1	Basidiomycota	phylum
SRR16887726.Contig22.1	Agaricomycetes	class
SRR16887726.Contig22.1	Boletales	order
SRR16887726.Contig22.1	Boletinellaceae	family
SRR16887726.Contig22.1	Phlebopus	genus
SRR16887726.Contig22.1	Phlebopus portentosus	species
SRR16887727.Contig5.1	Eukaryota	superkingdom
SRR16887727.Contig5.1	Fungi	kingdom
SRR16887727.Contig5.1	Basidiomycota	phylum
SRR16887727.Contig5.1	Agaricomycetes	class
SRR16887727.Contig5.1	Boletales	order
SRR16887727.Contig5.1	Boletinellaceae	family
SRR16887727.Contig5.1	Phlebopus	genus
SRR16887727.Contig5.1	Phlebopus portentosus	species
SRR16887723.Contig1.1	Eukaryota	superkingdom
SRR16887723.Contig1.1	Fungi	kingdom
SRR16887723.Contig1.1	Basidiomycota	phylum
SRR16887723.Contig1.1	Agaricomycetes	class
SRR16887723.Contig1.1	Boletales	order
SRR16887723.Contig1.1	Boletinellaceae	family
SRR16887723.Contig1.1	Phlebopus	genus
SRR16887723.Contig1.1	Phlebopus portentosus	species
SRR16887727.Contig9.1	Eukaryota	superkingdom
SRR16887727.Contig9.1	Fungi	kingdom
SRR16887727.Contig9.1	Basidiomycota	phylum
SRR16887727.Contig9.1	Agaricomycetes	class
SRR16887727.Contig9.1	Boletales	order
SRR16887727.Contig9.1	Boletinellaceae	family
SRR16887727.Contig9.1	Phlebopus	genus
SRR16887727.Contig9.1	Phlebopus portentosus	species
SRR16887726.Contig19.1	Eukaryota	superkingdom
SRR16887726.Contig19.1	Fungi	kingdom
SRR16887726.Contig19.1	Basidiomycota	phylum
SRR16887726.Contig19.1	Agaricomycetes	class
SRR16887726.Contig19.1	Boletales	order
SRR16887726.Contig19.1	Boletinellaceae	family
SRR16887726.Contig19.1	Phlebopus	genus
SRR16887726.Contig19.1	Phlebopus portentosus	species
SRR16887728.Contig35.1	Eukaryota	superkingdom
SRR16887728.Contig35.1	Fungi	kingdom
SRR16887728.Contig35.1	Basidiomycota	phylum
SRR16887728.Contig35.1	Agaricomycetes	class
SRR16887728.Contig35.1	Boletales	order
SRR16887728.Contig35.1	Boletinellaceae	family
SRR16887728.Contig35.1	Phlebopus	genus
SRR16887728.Contig35.1	Phlebopus portentosus	species
SRR16887728.Contig52.1	Eukaryota	superkingdom
SRR16887728.Contig52.1	Fungi	kingdom
SRR16887728.Contig52.1	Basidiomycota	phylum
SRR16887728.Contig52.1	Agaricomycetes	class
SRR16887728.Contig52.1	Boletales	order
SRR16887728.Contig52.1	Boletinellaceae	family
SRR16887728.Contig52.1	Phlebopus	genus
SRR16887728.Contig52.1	Phlebopus portentosus	species
SRR16887728.Contig34.1	Eukaryota	superkingdom
SRR16887728.Contig34.1	Fungi	kingdom
SRR16887728.Contig34.1	Basidiomycota	phylum
SRR16887728.Contig34.1	Agaricomycetes	class
SRR16887728.Contig34.1	Boletales	order
SRR16887728.Contig34.1	Boletinellaceae	family
SRR16887728.Contig34.1	Phlebopus	genus
SRR16887728.Contig34.1	Phlebopus portentosus	species
SRR16887728.Contig22.1	Eukaryota	superkingdom
SRR16887728.Contig22.1	Fungi	kingdom
SRR16887728.Contig22.1	Basidiomycota	phylum
SRR16887728.Contig22.1	Agaricomycetes	class
SRR16887728.Contig22.1	Boletales	order
SRR16887728.Contig22.1	Boletinellaceae	family
SRR16887728.Contig22.1	Phlebopus	genus
SRR16887728.Contig22.1	Phlebopus portentosus	species
SRR10388303.Contig5.1	Eukaryota	superkingdom
SRR10388303.Contig5.1	Fungi	kingdom
SRR10388303.Contig5.1	Basidiomycota	phylum
SRR10388303.Contig5.1	Agaricomycetes	class
SRR10388303.Contig5.1	Boletales	order
SRR10388303.Contig5.1	Suillaceae	family
SRR10388303.Contig5.1	Suillus	genus
SRR10388303.Contig5.1	Suillus discolor	species
SRR5491302.Contig4.1	Eukaryota	superkingdom
SRR5491302.Contig4.1	Fungi	kingdom
SRR5491302.Contig4.1	Basidiomycota	phylum
SRR5491302.Contig4.1	Agaricomycetes	class
SRR5491302.Contig4.1	Boletales	order
SRR5491302.Contig4.1	Suillaceae	family
SRR5491302.Contig4.1	Suillus	genus
SRR5491302.Contig4.1	Suillus weaverae	species
